case_number,total_matches,num_files,file_paths,year
CR-23-677590-A,2,1,out/2023/2023-677590_20251116_103154.json,2023
CR-23-677622-A,2,1,out/2023/2023-677622_20251116_104908.json,2023
CR-23-677651-A,3,1,out/2023/2023-677651_20251116_110216.json,2023
CR-23-677658-A,2,1,out/2023/2023-677658_20251116_110742.json,2023
CR-23-677672-A,2,1,out/2023/2023-677672_20251116_111237.json,2023
CR-23-677745-A,3,1,out/2023/2023-677745_20251116_115131.json,2023
CR-23-677763-A,2,1,out/2023/2023-677763_20251116_120358.json,2023
CR-23-677764-A,3,1,out/2023/2023-677764_20251116_120426.json,2023
CR-23-677793-A,2,1,out/2023/2023-677793_20251116_122226.json,2023
CR-23-677794-A,2,1,out/2023/2023-677794_20251116_122325.json,2023
CR-23-677802-A,3,1,out/2023/2023-677802_20251116_122856.json,2023
CR-23-677835-A,2,1,out/2023/2023-677835_20251116_125044.json,2023
CR-23-677883-A,6,1,out/2023/2023-677883_20251116_131804.json,2023
CR-23-677892-A,2,1,out/2023/2023-677892_20251116_132354.json,2023
CR-23-677904-A,3,1,out/2023/2023-677904_20251116_132647.json,2023
CR-23-677920-A,3,1,out/2023/2023-677920_20251116_133401.json,2023
CR-23-677926-A,3,1,out/2023/2023-677926_20251116_133902.json,2023
CR-23-677931-A,8,3,out/2023/2023-677931_20251116_134121.json;out/obstructing_cases/archived_jsons_aggressive_20260101_084154/out/2023/2023-677931_20251110_172902.json;out/obstructing_cases/out/2023/2023-677931_20251116_134121.json,2023
CR-23-677933-A,2,1,out/2023/2023-677933_20251116_134311.json,2023
CR-23-677934-A,3,1,out/2023/2023-677934_20251116_134338.json,2023
CR-23-677947-A,2,1,out/2023/2023-677947_20251116_135114.json,2023
CR-23-677971-A,3,1,out/2023/2023-677971_20251116_140628.json,2023
CR-23-677973-A,2,1,out/2023/2023-677973_20251116_140755.json,2023
CR-23-677990-A,3,1,out/2023/2023-677990_20251116_141831.json,2023
CR-23-677992-A,3,1,out/2023/2023-677992_20251116_142019.json,2023
CR-23-677993-A,3,1,out/2023/2023-677993_20251116_142113.json,2023
CR-23-677995-A,2,1,out/2023/2023-677995_20251116_142210.json,2023
CR-23-677996-A,3,1,out/2023/2023-677996_20251116_142304.json,2023
CR-23-677997-A,3,1,out/2023/2023-677997_20251116_142358.json,2023
CR-23-677999-A,6,1,out/2023/2023-677999_20251116_142549.json,2023
CR-23-678010-A,3,1,out/2023/2023-678010_20251116_143100.json,2023
CR-23-678015-A,2,1,out/2023/2023-678015_20251116_143323.json,2023
CR-23-678051-A,2,1,out/2023/2023-678051_20251116_145152.json,2023
CR-23-678057-A,3,1,out/2023/2023-678057_20251116_145554.json,2023
CR-23-678059-A,2,1,out/2023/2023-678059_20251116_145746.json,2023
CR-23-678064-A,2,1,out/2023/2023-678064_20251116_150100.json,2023
CR-23-678121-A,3,1,out/2023/2023-678121_20251116_154040.json,2023
CR-23-678125-A,3,1,out/2023/2023-678125_20251116_154355.json,2023
CR-23-678137-A,3,1,out/2023/2023-678137_20251116_155037.json,2023
CR-23-678138-A,3,1,out/2023/2023-678138_20251116_155132.json,2023
CR-23-678190-A,3,1,out/2023/2023-678190_20251116_160324.json,2023
CR-23-678201-A,2,1,out/2023/2023-678201_20251116_161058.json,2023
CR-23-678228-A,3,1,out/2023/2023-678228_20251116_162619.json,2023
CR-23-678279-A,3,1,out/2023/2023-678279_20251116_164256.json,2023
CR-23-678389-A,3,1,out/2023/2023-678389_20251116_172232.json,2023
CR-23-678432-A,3,1,out/2023/2023-678432_20251116_174013.json,2023
CR-23-678433-A,3,1,out/2023/2023-678433_20251116_174107.json,2023
CR-23-678434-A,3,1,out/2023/2023-678434_20251116_174201.json,2023
CR-23-678442-A,3,1,out/2023/2023-678442_20251116_174636.json,2023
CR-23-678466-A,3,1,out/2023/2023-678466_20251116_175746.json,2023
CR-23-678506-A,3,1,out/2023/2023-678506_20251116_181818.json,2023
CR-23-678520-A,3,1,out/2023/2023-678520_20251116_182737.json,2023
CR-23-678534-A,3,1,out/2023/2023-678534_20251116_183629.json,2023
CR-23-678546-A,3,1,out/2023/2023-678546_20251116_184413.json,2023
CR-23-678590-A,3,1,out/2023/2023-678590_20251116_190516.json,2023
CR-23-678606-A,3,1,out/2023/2023-678606_20251116_191355.json,2023
CR-23-678657-A,3,1,out/2023/2023-678657_20251116_193442.json,2023
CR-23-678747-A,3,1,out/2023/2023-678747_20251116_202012.json,2023
CR-23-678774-A,3,1,out/2023/2023-678774_20251116_203417.json,2023
CR-23-678807-A,3,1,out/2023/2023-678807_20251116_204827.json,2023
CR-23-678819-A,3,1,out/2023/2023-678819_20251116_205342.json,2023
CR-23-678847-A,3,1,out/2023/2023-678847_20251116_210934.json,2023
CR-23-678881-A,1,1,out/2023/2023-678881_20251110_185449.json,2023
CR-23-678898-A,1,1,out/2023/2023-678898_20251110_185602.json,2023
CR-23-678935-A,1,1,out/2023/2023-678935_20251110_185913.json,2023
CR-23-678945-A,1,1,out/2023/2023-678945_20251110_185939.json,2023
CR-23-678966-A,2,1,out/2023/2023-678966_20251110_190110.json,2023
CR-23-679086-A,1,1,out/2023/2023-679086_20251110_191108.json,2023
CR-23-679113-A,3,1,out/2023/2023-679113_20251116_082028.json,2023
CR-23-679169-A,2,2,out/2023/2023-679169_20251110_191658.json;out/obstructing_cases/out/2023/2023-679169_20251110_191658.json,2023
CR-23-679174-A,1,1,out/2023/2023-679174_20251110_191745.json,2023
CR-23-679181-A,6,1,out/2023/2023-679181_20251110_132517.json,2023
CR-23-679189-A,1,1,out/2023/2023-679189_20251110_191918.json,2023
CR-23-679225-A,1,1,out/2023/2023-679225_20251110_192125.json,2023
CR-23-679304-A,1,1,out/2023/2023-679304_20251110_192922.json,2023
CR-23-679327-A,1,1,out/2023/2023-679327_20251110_193108.json,2023
CR-23-679329-A,1,1,out/2023/2023-679329_20251110_193108.json,2023
CR-23-679332-A,2,2,out/2023/2023-679332_20251110_193131.json;out/obstructing_cases/out/2023/2023-679332_20251110_193131.json,2023
CR-23-679369-A,3,1,out/2023/2023-679369_20251117_072012.json,2023
CR-23-679519-A,3,1,out/2023/2023-679519_20251117_074837.json,2023
CR-23-679541-A,1,1,out/2023/2023-679541_20251110_195018.json,2023
CR-23-679547-A,1,1,out/2023/2023-679547_20251110_195019.json,2023
CR-23-679570-A,1,1,out/2023/2023-679570_20251110_195410.json,2023
CR-23-679591-A,1,1,out/2023/2023-679591_20251110_195803.json,2023
CR-23-679607-A,1,1,out/2023/2023-679607_20251110_195846.json,2023
CR-23-679661-A,1,1,out/2023/2023-679661_20251110_200444.json,2023
CR-23-679711-A,1,1,out/2023/2023-679711_20251110_140122.json,2023
CR-23-679716-A,1,1,out/2023/2023-679716_20251112_162616.json,2023
CR-23-679848-A,2,1,out/2023/2023-679848_20251110_202221.json,2023
CR-23-679934-A,1,1,out/2023/2023-679934_20251110_203038.json,2023
CR-23-679943-A,3,1,out/2023/2023-679943_20251117_084939.json,2023
CR-23-680126-A,3,1,out/2023/2023-680126_20251117_090437.json,2023
CR-23-680201-A,3,1,out/2023/2023-680201_20251110_142917.json,2023
CR-23-680215-A,1,1,out/2023/2023-680215_20251111_010003.json,2023
CR-23-680245-A,3,1,out/2023/2023-680245_20251117_091629.json,2023
CR-23-680249-A,3,1,out/2023/2023-680249_20251117_091733.json,2023
CR-23-680282-A,2,1,out/2023/2023-680282_20251111_035909.json,2023
CR-23-680400-A,3,1,out/2023/2023-680400_20251117_093708.json,2023
CR-23-680487-A,2,1,out/2023/2023-680487_20251117_094711.json,2023
CR-23-680492-A,1,1,out/2023/2023-680492_20251111_044340.json,2023
CR-23-680520-A,2,1,out/2023/2023-680520_20251111_044521.json,2023
CR-23-680641-A,1,1,out/2023/2023-680641_20251111_045423.json,2023
CR-23-680669-A,1,1,out/2023/2023-680669_20251111_045828.json,2023
CR-23-680683-A,1,1,out/2023/2023-680683_20251111_050120.json,2023
CR-23-680691-A,2,1,out/2023/2023-680691_20251111_050146.json,2023
CR-23-680693-A,1,1,out/2023/2023-680693_20251111_050146.json,2023
CR-23-680730-A,1,1,out/2023/2023-680730_20251110_150048.json,2023
CR-23-680820-A,1,1,out/2023/2023-680820_20251111_051041.json,2023
CR-23-680829-A,6,1,out/2023/2023-680829_20251117_103218.json,2023
CR-23-680855-A,1,1,out/2023/2023-680855_20251111_051455.json,2023
CR-23-680865-A,2,2,out/2023/2023-680865_20251111_051607.json;out/obstructing_cases/out/2023/2023-680865_20251111_051607.json,2023
CR-23-680873-A,3,1,out/2023/2023-680873_20251117_104102.json,2023
CR-23-680880-A,6,1,out/2023/2023-680880_20251110_151408.json,2023
CR-23-680942-A,3,1,out/2023/2023-680942_20251117_104903.json,2023
CR-23-681002-A,1,1,out/2023/2023-681002_20251111_052525.json,2023
CR-23-681017-A,1,1,out/2023/2023-681017_20251111_052644.json,2023
CR-23-681083-A,1,1,out/2023/2023-681083_20251111_053149.json,2023
CR-23-681104-A,1,1,out/2023/2023-681104_20251111_053254.json,2023
CR-23-681108-A,1,1,out/2023/2023-681108_20251111_053314.json,2023
CR-23-681116-A,1,1,out/2023/2023-681116_20251111_053427.json,2023
CR-23-681120-A,1,1,out/2023/2023-681120_20251111_053428.json,2023
CR-23-681163-A,3,1,out/2023/2023-681163_20251116_081908.json,2023
CR-23-681190-A,3,1,out/2023/2023-681190_20251110_153207.json,2023
CR-23-681250-A,3,1,out/2023/2023-681250_20251117_112358.json,2023
CR-23-681340-A,1,1,out/2023/2023-681340_20251111_055431.json,2023
CR-23-681341-A,1,1,out/2023/2023-681341_20251111_055431.json,2023
CR-23-681350-A,1,1,out/2023/2023-681350_20251111_055451.json,2023
CR-23-681362-A,1,1,out/2023/2023-681362_20251111_055541.json,2023
CR-23-681382-A,1,1,out/2023/2023-681382_20251111_055706.json,2023
CR-23-681385-A,1,1,out/2023/2023-681385_20251111_055707.json,2023
CR-23-681386-A,2,1,out/2023/2023-681386_20251111_055730.json,2023
CR-23-681428-A,1,1,out/2023/2023-681428_20251111_060358.json,2023
CR-23-681497-A,3,1,out/2023/2023-681497_20251117_120828.json,2023
CR-23-681560-A,2,1,out/2023/2023-681560_20251117_121917.json,2023
CR-23-681610-A,2,1,out/2023/2023-681610_20251117_122630.json,2023
CR-23-681640-A,2,1,out/2023/2023-681640_20251117_123113.json,2023
CR-23-681701-A,3,1,out/2023/2023-681701_20251117_123825.json,2023
CR-23-681730-A,3,1,out/2023/2023-681730_20251117_124655.json,2023
CR-23-681731-A,6,1,out/2023/2023-681731_20251117_124553.json,2023
CR-23-681734-A,3,1,out/2023/2023-681734_20251116_081425.json,2023
CR-23-681746-A,6,2,out/2023/2023-681746_20251117_125000.json;out/obstructing_cases/out/2023/2023-681746_20251117_125000.json,2023
CR-23-681774-A,2,1,out/2023/2023-681774_20251111_063212.json,2023
CR-23-681778-A,3,1,out/2023/2023-681778_20251117_125716.json,2023
CR-23-681779-A,2,1,out/2023/2023-681779_20251117_125720.json,2023
CR-23-681819-A,1,1,out/2023/2023-681819_20251111_063710.json,2023
CR-23-681884-A,3,1,out/2023/2023-681884_20251117_131544.json,2023
CR-23-681900-A,3,1,out/2023/2023-681900_20251117_131544.json,2023
CR-23-681968-A,6,1,out/2023/2023-681968_20251117_133104.json,2023
CR-23-681985-A,3,1,out/2023/2023-681985_20251117_133329.json,2023
CR-23-681994-A,3,2,out/obstructing_cases/archived_jsons_aggressive_20260101_084154/out/2023/2023-681994_20251110_162929.json;out/obstructing_cases/archived_jsons_aggressive_20260101_084154/out/2023/2023-681994_20251117_133202.json,2023
CR-23-682012-A,1,1,out/2023/2023-682012_20251111_065327.json,2023
CR-23-682018-A,1,1,out/2023/2023-682018_20251111_065352.json,2023
CR-23-682033-A,2,2,out/2023/2023-682033_20251111_065500.json;out/obstructing_cases/out/2023/2023-682033_20251111_065500.json,2023
CR-23-682119-A,1,1,out/2023/2023-682119_20251110_163818.json,2023
CR-23-682151-A,1,1,out/2023/2023-682151_20251111_070350.json,2023
CR-23-682240-A,1,1,out/2023/2023-682240_20251111_071256.json,2023
CR-23-682247-A,3,1,out/2023/2023-682247_20251117_140816.json,2023
CR-23-682317-A,3,1,out/2023/2023-682317_20251117_142725.json,2023
CR-23-682346-A,3,1,out/2023/2023-682346_20251117_143412.json,2023
CR-23-682363-A,3,1,out/2023/2023-682363_20251117_143905.json,2023
CR-23-682374-A,1,1,out/2023/2023-682374_20251111_072655.json,2023
CR-23-682388-A,1,1,out/2023/2023-682388_20251111_072830.json,2023
CR-23-682413-A,1,1,out/2023/2023-682413_20251111_072949.json,2023
CR-23-682433-A,3,1,out/2023/2023-682433_20251117_144752.json,2023
CR-23-682441-A,2,1,out/2023/2023-682441_20251117_144743.json,2023
CR-23-682452-A,3,1,out/2023/2023-682452_20251117_145116.json,2023
CR-23-682464-A,1,1,out/2023/2023-682464_20251111_073216.json,2023
CR-23-682501-A,3,1,out/2023/2023-682501_20251117_150150.json,2023
CR-23-682526-A,3,1,out/2023/2023-682526_20251117_150653.json,2023
CR-23-682534-A,3,1,out/obstructing_cases/archived_jsons_aggressive_20260101_084154/out/2023/2023-682534_20251117_150524.json,2023
CR-23-682552-A,14,3,out/2023/2023-682552_20251117_151523.json;out/obstructing_cases/archived_jsons_aggressive_20260101_084154/out/2023/2023-682552_20251111_073710.json;out/obstructing_cases/out/2023/2023-682552_20251117_151523.json,2023
CR-23-682567-A,6,1,out/2023/2023-682567_20251117_151547.json,2023
CR-23-682621-A,1,1,out/2023/2023-682621_20251111_074110.json,2023
CR-23-682647-A,3,1,out/2023/2023-682647_20251118_110530.json,2023
CR-23-682712-A,1,1,out/2023/2023-682712_20251111_074553.json,2023
CR-23-682718-A,2,1,out/2023/2023-682718_20251118_112019.json,2023
CR-23-682725-A,3,1,out/2023/2023-682725_20251118_112019.json,2023
CR-23-682730-A,2,1,out/2023/2023-682730_20251118_112257.json,2023
CR-23-682735-A,3,1,out/2023/2023-682735_20251118_112459.json,2023
CR-23-682758-A,3,1,out/2023/2023-682758_20251118_113040.json,2023
CR-23-682760-A,1,1,out/obstructing_cases/archived_jsons_aggressive_20260101_084154/out/2023/2023-682760_20251111_075049.json,2023
CR-23-682788-A,1,1,out/2023/2023-682788_20251111_075511.json,2023
CR-23-682830-A,1,1,out/2023/2023-682830_20251111_075744.json,2023
CR-23-682844-A,1,1,out/2023/2023-682844_20251111_075918.json,2023
CR-23-682914-A,1,1,out/2023/2023-682914_20251111_080800.json,2023
CR-23-683014-A,2,2,out/2023/2023-683014_20251111_081546.json;out/obstructing_cases/out/2023/2023-683014_20251111_081546.json,2023
CR-23-683049-A,1,1,out/2023/2023-683049_20251111_081758.json,2023
CR-23-683066-A,6,1,out/2023/2023-683066_20251118_122910.json,2023
CR-23-683067-A,2,1,out/2023/2023-683067_20251118_122951.json,2023
CR-23-683121-A,1,1,out/2023/2023-683121_20251111_082558.json,2023
CR-23-683172-A,3,1,out/2023/2023-683172_20251118_124510.json,2023
CR-23-683180-A,1,1,out/2023/2023-683180_20251111_083159.json,2023
CR-23-683200-A,6,1,out/2023/2023-683200_20251118_125104.json,2023
CR-23-683204-A,3,1,out/2023/2023-683204_20251118_125129.json,2023
CR-23-683206-A,3,1,out/2023/2023-683206_20251118_125130.json,2023
CR-23-683218-A,1,1,out/2023/2023-683218_20251111_083437.json,2023
CR-23-683259-A,1,1,out/2023/2023-683259_20251111_083930.json,2023
CR-23-683357-A,1,1,out/2023/2023-683357_20251111_084853.json,2023
CR-23-683445-A,3,1,out/2023/2023-683445_20251118_132605.json,2023
CR-23-683507-A,1,1,out/2023/2023-683507_20251111_090353.json,2023
CR-23-683561-A,1,1,out/2023/2023-683561_20251111_090709.json,2023
CR-23-683609-A,1,1,out/2023/2023-683609_20251111_091014.json,2023
CR-23-683611-A,3,1,out/2023/2023-683611_20251116_075300.json,2023
CR-23-683688-A,2,1,out/2023/2023-683688_20251111_091513.json,2023
CR-23-683697-A,1,1,out/2023/2023-683697_20251111_091537.json,2023
CR-23-683701-A,1,1,out/2023/2023-683701_20251111_091557.json,2023
CR-23-683733-A,2,2,out/2023/2023-683733_20251112_170542.json;out/obstructing_cases/out/2023/2023-683733_20251112_170542.json,2023
CR-23-683736-A,2,2,out/2023/2023-683736_20251111_091829.json;out/obstructing_cases/out/2023/2023-683736_20251111_091829.json,2023
CR-23-683744-A,3,1,out/2023/2023-683744_20251118_140733.json,2023
CR-23-683753-A,3,1,out/2023/2023-683753_20251118_140651.json,2023
CR-23-683756-A,4,1,out/2023/2023-683756_20251118_140943.json,2023
CR-23-683790-A,1,1,out/2023/2023-683790_20251111_092352.json,2023
CR-23-683869-A,3,1,out/2023/2023-683869_20251118_143636.json,2023
CR-23-683881-A,3,1,out/2023/2023-683881_20251118_143621.json,2023
CR-23-683884-A,2,1,out/2023/2023-683884_20251111_093424.json,2023
CR-23-683930-A,2,1,out/2023/2023-683930_20251118_144501.json,2023
CR-23-683967-A,2,2,out/2023/2023-683967_20251111_094142.json;out/obstructing_cases/out/2023/2023-683967_20251111_094142.json,2023
CR-23-684018-A,1,1,out/2023/2023-684018_20251111_094455.json,2023
CR-23-684080-A,1,1,out/2023/2023-684080_20251111_095311.json,2023
CR-23-684162-A,3,1,out/2023/2023-684162_20251112_170939.json,2023
CR-23-684184-A,1,1,out/2023/2023-684184_20251111_100346.json,2023
CR-23-684199-A,3,1,out/2023/2023-684199_20251118_152440.json,2023
CR-23-684217-A,3,1,out/2023/2023-684217_20251118_153057.json,2023
CR-23-684286-A,1,1,out/2023/2023-684286_20251111_100945.json,2023
CR-23-684298-A,3,1,out/2023/2023-684298_20251118_154056.json,2023
CR-23-684300-A,1,1,out/2023/2023-684300_20251111_101310.json,2023
CR-23-684334-A,3,1,out/2023/2023-684334_20251118_155005.json,2023
CR-23-684357-A,1,1,out/2023/2023-684357_20251111_101844.json,2023
CR-23-684374-A,3,1,out/2023/2023-684374_20251118_155716.json,2023
CR-23-684478-A,2,1,out/2023/2023-684478_20251118_161504.json,2023
CR-23-684486-A,3,1,out/2023/2023-684486_20251118_161413.json,2023
CR-23-684559-A,4,1,out/2023/2023-684559_20251118_163118.json,2023
CR-23-684666-A,1,1,out/2023/2023-684666_20251111_104412.json,2023
CR-23-684674-A,1,1,out/2023/2023-684674_20251111_104438.json,2023
CR-23-684756-A,1,1,out/2023/2023-684756_20251111_105228.json,2023
CR-23-684792-A,3,1,out/2023/2023-684792_20251118_170007.json,2023
CR-23-684826-A,62,26,out/2023/2023-684826_20251227_041831.json;out/2023/2023-684826_20260101_124157.json;out/obstructing_cases/archived_jsons_aggressive_20260101_084154/out/2023/2023-684826_20251115_121024.json;out/obstructing_cases/archived_jsons_aggressive_20260101_084154/out/2023/2023-684826_20251115_121405.json;out/obstructing_cases/archived_jsons_aggressive_20260101_084154/out/2023/2023-684826_20251115_122043.json;out/obstructing_cases/archived_jsons_aggressive_20260101_084154/out/2023/2023-684826_20251115_125347.json;out/obstructing_cases/archived_jsons_aggressive_20260101_084154/out/2023/2023-684826_20251116_021410.json;out/obstructing_cases/archived_jsons_aggressive_20260101_084154/out/2023/2023-684826_20251116_053214.json;out/obstructing_cases/archived_jsons_aggressive_20260101_084154/out/2023/2023-684826_20251116_053913.json;out/obstructing_cases/archived_jsons_aggressive_20260101_084154/out/2023/2023-684826_20251116_054025.json;out/obstructing_cases/archived_jsons_aggressive_20260101_084154/out/2023/2023-684826_20251116_204241.json;out/obstructing_cases/archived_jsons_aggressive_20260101_084154/out/2023/2023-684826_20251117_103001.json;out/obstructing_cases/archived_jsons_aggressive_20260101_084154/out/2023/2023-684826_20251117_103207.json;out/obstructing_cases/archived_jsons_aggressive_20260101_084154/out/2023/2023-684826_20251117_103402.json;out/obstructing_cases/archived_jsons_aggressive_20260101_084154/out/2023/2023-684826_20251128_091158.json;out/obstructing_cases/archived_jsons_aggressive_20260101_084154/out/2023/2023-684826_20251219_053849.json;out/obstructing_cases/archived_jsons_aggressive_20260101_084154/out/2023/2023-684826_20251226_130005.json;out/obstructing_cases/archived_jsons_aggressive_20260101_084154/out/2023/2023-684826_20251226_130126.json;out/obstructing_cases/archived_jsons_aggressive_20260101_084154/out/2023/2023-684826_20251226_130248.json;out/obstructing_cases/archived_jsons_aggressive_20260101_084154/out/2023/2023-684826_20251226_130409.json;out/obstructing_cases/archived_jsons_aggressive_20260101_084154/out/2023/2023-684826_20251226_130532.json;out/obstructing_cases/archived_jsons_aggressive_20260101_084154/out/2023/2023-684826_20251226_164149.json;out/obstructing_cases/archived_jsons_aggressive_20260101_084154/out/2023/2023-684826_20251226_172438.json;out/obstructing_cases/archived_jsons_aggressive_20260101_084154/out/2023/2023-684826_20251226_172751.json;out/obstructing_cases/out/2023/2023-684826_20251227_041831.json;out/obstructing_cases/out/2023/2023-684826_20260101_124157.json,2023
CR-23-684838-A,2,1,out/2023/2023-684838_20251111_110020.json,2023
CR-23-684904-A,3,1,out/2023/2023-684904_20251118_172118.json,2023
CR-23-684911-A,3,1,out/2023/2023-684911_20251118_172222.json,2023
CR-23-684912-A,4,1,out/2023/2023-684912_20251118_172223.json,2023
CR-23-684948-A,9,3,out/2023/2023-684948_20251118_172501.json;out/obstructing_cases/archived_jsons_aggressive_20260101_084154/out/2023/2023-684948_20251116_080826.json;out/obstructing_cases/out/2023/2023-684948_20251118_172501.json,2023
CR-23-684951-A,2,1,out/2023/2023-684951_20251111_111037.json,2023
CR-23-684970-A,1,1,out/2023/2023-684970_20251111_111209.json,2023
CR-23-684984-A,1,1,out/2023/2023-684984_20251111_111313.json,2023
CR-23-684987-A,2,1,out/2023/2023-684987_20251109_212047.json,2023
CR-23-685000-A,1,1,out/2023/2023-685000_20251111_111403.json,2023
CR-23-685039-A,1,1,out/2023/2023-685039_20251111_111848.json,2023
CR-23-685054-A,2,1,out/2023/2023-685054_20251111_112013.json,2023
CR-23-685088-A,1,1,out/2023/2023-685088_20251111_112241.json,2023
CR-23-685099-A,1,1,out/2023/2023-685099_20251111_112608.json,2023
CR-23-685125-A,2,1,out/2023/2023-685125_20251118_175804.json,2023
CR-23-685136-A,2,1,out/2023/2023-685136_20251111_112817.json,2023
CR-23-685140-A,1,1,out/2023/2023-685140_20251111_112841.json,2023
CR-23-685149-A,2,1,out/2023/2023-685149_20251118_180405.json,2023
CR-23-685222-A,1,1,out/2023/2023-685222_20251111_113457.json,2023
CR-23-685241-A,3,1,out/2023/2023-685241_20251118_181832.json,2023
CR-23-685251-A,4,1,out/2023/2023-685251_20251116_084132.json,2023
CR-23-685268-A,2,1,out/2023/2023-685268_20251111_113845.json,2023
CR-23-685299-A,2,1,out/2023/2023-685299_20251111_114119.json,2023
CR-23-685364-A,2,2,out/2023/2023-685364_20251111_114459.json;out/obstructing_cases/out/2023/2023-685364_20251111_114459.json,2023
CR-23-685372-A,2,1,out/2023/2023-685372_20251118_183627.json,2023
CR-23-685420-A,3,1,out/2023/2023-685420_20251118_184509.json,2023
CR-23-685421-A,3,1,out/2023/2023-685421_20251118_184452.json,2023
CR-23-685430-A,1,1,out/2023/2023-685430_20251111_114939.json,2023
CR-23-685457-A,1,1,out/2023/2023-685457_20251111_115100.json,2023
CR-23-685458-A,1,1,out/2023/2023-685458_20251111_115145.json,2023
CR-23-685465-A,2,1,out/2023/2023-685465_20251111_115146.json,2023
CR-23-685468-A,1,1,out/2023/2023-685468_20251111_115204.json,2023
CR-23-685626-A,3,1,out/2023/2023-685626_20251118_192433.json,2023
CR-23-685660-A,3,1,out/2023/2023-685660_20251118_193640.json,2023
CR-23-685765-A,1,1,out/2023/2023-685765_20251111_121706.json,2023
CR-23-685835-A,1,1,out/2023/2023-685835_20251111_122216.json,2023
CR-23-685916-A,2,1,out/2023/2023-685916_20251111_122744.json,2023
CR-23-685936-A,1,1,out/2023/2023-685936_20251111_122919.json,2023
CR-23-685941-A,1,1,out/2023/2023-685941_20251112_172639.json,2023
CR-23-685944-A,1,1,out/2023/2023-685944_20251111_122946.json,2023
CR-23-686030-A,2,1,out/2023/2023-686030_20251118_203809.json,2023
CR-23-686051-A,3,1,out/2023/2023-686051_20251118_204145.json,2023
CR-23-686061-A,3,1,out/2023/2023-686061_20251118_204952.json,2023
CR-23-686081-A,2,2,out/2023/2023-686081_20251111_124432.json;out/obstructing_cases/out/2023/2023-686081_20251111_124432.json,2023
CR-23-686086-A,1,1,out/2023/2023-686086_20251111_124456.json,2023
CR-23-686166-A,3,1,out/2023/2023-686166_20251118_211323.json,2023
CR-23-686212-A,1,1,out/2023/2023-686212_20251111_125256.json,2023
CR-23-686236-A,1,1,out/2023/2023-686236_20251111_125537.json,2023
CR-23-686341-A,4,2,out/2023/2023-686341_20251111_130701.json;out/obstructing_cases/out/2023/2023-686341_20251111_130701.json,2023
CR-23-686358-A,3,1,out/2023/2023-686358_20251118_214312.json,2023
CR-23-686497-A,3,1,out/2023/2023-686497_20251118_220616.json,2023
CR-23-686564-A,3,1,out/2023/2023-686564_20251118_221839.json,2023
CR-23-686567-A,2,1,out/2023/2023-686567_20251111_132858.json,2023
CR-23-686572-A,3,1,out/2023/2023-686572_20251118_222444.json,2023
CR-23-686589-A,1,1,out/2023/2023-686589_20251118_223039.json,2023
CR-23-686592-A,3,1,out/2023/2023-686592_20251118_223222.json,2023
CR-23-686640-A,2,1,out/2023/2023-686640_20251118_224340.json,2023
CR-23-686641-A,2,1,out/2023/2023-686641_20251118_224317.json,2023
CR-23-686655-A,9,1,out/2023/2023-686655_20251118_224601.json,2023
CR-23-686687-A,1,1,out/2023/2023-686687_20251111_134018.json,2023
CR-23-686697-A,2,2,out/2023/2023-686697_20251111_134038.json;out/obstructing_cases/out/2023/2023-686697_20251111_134038.json,2023
CR-23-686709-A,1,1,out/2023/2023-686709_20251111_134221.json,2023
CR-23-686730-A,3,1,out/2023/2023-686730_20251118_225605.json,2023
CR-23-686733-A,2,1,out/2023/2023-686733_20251118_225950.json,2023
CR-23-686760-A,1,1,out/2023/2023-686760_20251111_134539.json,2023
CR-23-686761-A,1,1,out/2023/2023-686761_20251111_134539.json,2023
CR-23-686766-A,1,1,out/2023/2023-686766_20251111_134607.json,2023
CR-23-686862-A,3,1,out/2023/2023-686862_20251118_231654.json,2023
CR-23-686865-A,9,1,out/2023/2023-686865_20251118_231827.json,2023
CR-23-686891-A,3,1,out/2023/2023-686891_20251118_232056.json,2023
CR-23-686901-A,2,2,out/2023/2023-686901_20251111_135457.json;out/obstructing_cases/out/2023/2023-686901_20251111_135457.json,2023
CR-23-686997-A,3,1,out/2023/2023-686997_20251118_234045.json,2023
CR-23-687038-A,3,1,out/2023/2023-687038_20251118_234401.json,2023
CR-23-687050-A,3,1,out/2023/2023-687050_20251118_235002.json,2023
CR-23-687079-A,1,1,out/2023/2023-687079_20251111_141359.json,2023
CR-23-687137-A,3,1,out/2023/2023-687137_20251119_000240.json,2023
CR-23-687158-A,3,1,out/2023/2023-687158_20251119_000915.json,2023
CR-23-687164-A,2,1,out/2023/2023-687164_20251119_000731.json,2023
CR-23-687216-A,3,1,out/2023/2023-687216_20251119_001756.json,2023
CR-23-687217-A,3,1,out/2023/2023-687217_20251119_001756.json,2023
CR-23-687227-A,3,1,out/2023/2023-687227_20251119_001901.json,2023
CR-23-687272-A,3,1,out/2023/2023-687272_20251119_002828.json,2023
CR-23-687282-A,1,1,out/2023/2023-687282_20251111_143057.json,2023
CR-23-687300-A,3,1,out/2023/2023-687300_20251119_003245.json,2023
CR-23-687348-A,1,1,out/2023/2023-687348_20251111_143542.json,2023
CR-23-687352-A,3,1,out/2023/2023-687352_20251119_004910.json,2023
CR-23-687382-A,3,1,out/2023/2023-687382_20251119_005313.json,2023
CR-23-687388-A,6,1,out/2023/2023-687388_20251119_005354.json,2023
CR-23-687392-A,3,1,out/2023/2023-687392_20251119_005439.json,2023
CR-23-687441-A,3,1,out/2023/2023-687441_20251119_010425.json,2023
CR-23-687484-A,3,1,out/2023/2023-687484_20251119_011641.json,2023
CR-23-687500-A,3,1,out/2023/2023-687500_20251119_011846.json,2023
CR-23-687502-A,3,1,out/2023/2023-687502_20251119_011924.json,2023
CR-23-687519-A,1,1,out/2023/2023-687519_20251111_144803.json,2023
CR-23-687563-A,1,1,out/2023/2023-687563_20251111_145210.json,2023
CR-23-687567-A,2,1,out/2023/2023-687567_20251119_012709.json,2023
CR-23-687577-A,1,1,out/2023/2023-687577_20251111_145337.json,2023
CR-23-687590-A,2,1,out/2023/2023-687590_20251119_013823.json,2023
CR-23-687636-A,3,1,out/2023/2023-687636_20251119_014800.json,2023
CR-23-687643-A,6,1,out/2023/2023-687643_20251119_014733.json,2023
CR-23-687664-A,1,1,out/2023/2023-687664_20251111_145910.json,2023
CR-23-687697-A,3,1,out/2023/2023-687697_20251119_015529.json,2023
CR-23-687703-A,1,1,out/2023/2023-687703_20251111_150353.json,2023
CR-23-687743-A,3,1,out/2023/2023-687743_20251119_020459.json,2023
CR-23-687773-A,3,1,out/2023/2023-687773_20251119_020918.json,2023
CR-23-687775-A,9,1,out/2023/2023-687775_20251119_020946.json,2023
CR-23-687813-A,6,1,out/2023/2023-687813_20251119_021646.json,2023
CR-23-687831-A,6,1,out/2023/2023-687831_20251119_022100.json,2023
CR-23-687841-A,3,1,out/2023/2023-687841_20251119_022334.json,2023
CR-23-687921-A,1,1,out/2023/2023-687921_20251111_152124.json,2023
CR-23-687930-A,1,1,out/2023/2023-687930_20251111_152144.json,2023
CR-23-687949-A,4,1,out/2023/2023-687949_20251119_024031.json,2023
CR-24-687985-A,2,1,out/2024/2024-687985_20251119_025048.json,2024
CR-24-688110-A,4,2,out/2024/2024-688110_20251119_030957.json;out/obstructing_cases/out/2024/2024-688110_20251119_030957.json,2024
CR-24-688129-A,2,1,out/2024/2024-688129_20251119_031058.json,2024
CR-24-688174-A,3,1,out/2024/2024-688174_20251119_032115.json,2024
CR-24-688175-A,6,1,out/2024/2024-688175_20251119_032006.json,2024
CR-24-688189-A,3,1,out/2024/2024-688189_20251119_032458.json,2024
CR-24-688314-A,4,1,out/2024/2024-688314_20251119_034632.json,2024
CR-24-688328-A,3,1,out/2024/2024-688328_20251119_035159.json,2024
CR-24-688341-A,3,1,out/2024/2024-688341_20251119_035212.json,2024
CR-24-688355-A,2,1,out/2024/2024-688355_20251119_035257.json,2024
CR-24-688393-A,3,1,out/2024/2024-688393_20251119_035854.json,2024
CR-24-688631-A,3,1,out/2024/2024-688631_20251119_043824.json,2024
CR-24-688633-A,3,1,out/2024/2024-688633_20251119_043811.json,2024
CR-24-688647-A,3,1,out/2024/2024-688647_20251119_044306.json,2024
CR-24-688648-A,3,1,out/2024/2024-688648_20251119_044209.json,2024
CR-24-688663-A,6,1,out/2024/2024-688663_20251119_044559.json,2024
CR-24-688671-A,6,1,out/2024/2024-688671_20251119_044429.json,2024
CR-24-688677-A,6,1,out/2024/2024-688677_20251119_044650.json,2024
CR-24-688722-A,5,2,out/jasmine_jackson_lio_amend_cases.csv;out/jasmine_jackson_prosecutor_hearing_issues.csv,2024
CR-24-688723-A,6,1,out/2024/2024-688723_20251119_045731.json,2024
CR-24-688728-A,3,1,out/2024/2024-688728_20251119_045752.json,2024
CR-24-688776-A,2,1,out/2024/2024-688776_20251119_051247.json,2024
CR-24-688824-A,3,1,out/2024/2024-688824_20251119_052255.json,2024
CR-24-688834-A,3,1,out/2024/2024-688834_20251119_052555.json,2024
CR-24-688866-A,4,1,out/2024/2024-688866_20251119_053445.json,2024
CR-24-688949-A,3,1,out/2024/2024-688949_20251119_055558.json,2024
CR-24-689065-A,6,1,out/2024/2024-689065_20251119_061618.json,2024
CR-24-689092-A,3,1,out/2024/2024-689092_20251119_061953.json,2024
CR-24-689109-A,9,1,out/2024/2024-689109_20251119_062523.json,2024
CR-24-689110-A,3,1,out/2024/2024-689110_20251119_062746.json,2024
CR-24-689239-A,3,1,out/2024/2024-689239_20251119_064310.json,2024
CR-24-689274-A,3,1,out/2024/2024-689274_20251119_064924.json,2024
CR-24-689286-A,3,1,out/2024/2024-689286_20251119_065605.json,2024
CR-24-689323-A,3,1,out/2024/2024-689323_20251119_070032.json,2024
CR-24-689324-A,3,1,out/2024/2024-689324_20251119_070047.json,2024
CR-24-689332-A,3,1,out/2024/2024-689332_20251119_070738.json,2024
CR-24-689341-A,3,1,out/2024/2024-689341_20251119_070722.json,2024
CR-24-689444-A,3,1,out/2024/2024-689444_20251119_073034.json,2024
CR-24-689445-A,2,1,out/2024/2024-689445_20251119_073036.json,2024
CR-24-689461-A,3,1,out/2024/2024-689461_20251119_073021.json,2024
CR-24-689691-A,6,1,out/2024/2024-689691_20251119_075410.json,2024
CR-24-689705-A,3,1,out/2024/2024-689705_20251119_075939.json,2024
CR-24-689708-A,3,1,out/2024/2024-689708_20251119_075953.json,2024
CR-24-689720-A,3,1,out/2024/2024-689720_20251119_080652.json,2024
CR-24-689980-A,3,1,out/2024/2024-689980_20251119_082443.json,2024
CR-24-689989-A,3,1,out/2024/2024-689989_20251119_082704.json,2024
CR-24-689998-A,2,1,out/2024/2024-689998_20251119_083148.json,2024
CR-24-690027-A,6,2,out/2024/2024-690027_20251119_084505.json;out/obstructing_cases/out/2024/2024-690027_20251119_084505.json,2024
CR-24-690038-A,3,1,out/2024/2024-690038_20251119_084504.json,2024
CR-24-690070-A,3,1,out/2024/2024-690070_20251119_084822.json,2024
CR-24-690100-A,3,1,out/2024/2024-690100_20251119_085602.json,2024
CR-24-690164-A,3,1,out/2024/2024-690164_20251119_091406.json,2024
CR-24-690170-A,3,1,out/2024/2024-690170_20251119_091520.json,2024
CR-24-690179-A,3,1,out/2024/2024-690179_20251119_091741.json,2024
CR-24-690205-A,2,1,out/2024/2024-690205_20251119_092537.json,2024
CR-24-690218-A,3,1,out/obstructing_cases/archived_jsons_aggressive_20260101_084154/out/2024/2024-690218_20251119_092510.json,2024
CR-24-690219-A,2,1,out/2024/2024-690219_20251119_092525.json,2024
CR-24-690266-A,3,1,out/2024/2024-690266_20251119_093725.json,2024
CR-24-690273-A,2,1,out/2024/2024-690273_20251119_093908.json,2024
CR-24-690297-A,3,1,out/2024/2024-690297_20251119_094401.json,2024
CR-24-690306-A,2,1,out/2024/2024-690306_20251119_094444.json,2024
CR-24-690329-A,2,1,out/2024/2024-690329_20251119_095122.json,2024
CR-24-690437-A,3,1,out/2024/2024-690437_20251119_100800.json,2024
CR-24-690468-A,3,1,out/2024/2024-690468_20251119_102004.json,2024
CR-24-690512-A,4,1,out/2024/2024-690512_20251119_102334.json,2024
CR-24-690548-A,6,2,out/2024/2024-690548_20251119_102921.json;out/obstructing_cases/out/2024/2024-690548_20251119_102921.json,2024
CR-24-690583-A,3,1,out/2024/2024-690583_20251119_103228.json,2024
CR-24-690619-A,3,1,out/2024/2024-690619_20251119_104032.json,2024
CR-24-690623-A,2,1,out/2024/2024-690623_20251119_104022.json,2024
CR-24-690636-A,6,2,out/2024/2024-690636_20251119_104305.json;out/obstructing_cases/out/2024/2024-690636_20251119_104305.json,2024
CR-24-690705-A,3,1,out/2024/2024-690705_20251119_105302.json,2024
CR-24-690770-A,3,1,out/2024/2024-690770_20251119_110136.json,2024
CR-24-690795-A,3,1,out/2024/2024-690795_20251119_110316.json,2024
CR-24-690807-A,3,1,out/2024/2024-690807_20251119_110625.json,2024
CR-24-690864-A,5,1,out/2024/2024-690864_20251119_111307.json,2024
CR-24-690885-A,4,1,out/2024/2024-690885_20251119_111946.json,2024
CR-24-690898-A,3,1,out/2024/2024-690898_20251119_112027.json,2024
CR-24-690957-A,3,1,out/2024/2024-690957_20251119_113255.json,2024
CR-24-690976-A,3,1,out/2024/2024-690976_20251119_113549.json,2024
CR-24-691095-A,2,1,out/2024/2024-691095_20251119_115135.json,2024
CR-24-691253-A,6,1,out/2024/2024-691253_20251119_120807.json,2024
CR-24-691262-A,3,1,out/2024/2024-691262_20251119_120810.json,2024
CR-24-691568-A,3,1,out/2024/2024-691568_20251119_124430.json,2024
CR-24-691721-A,3,1,out/2024/2024-691721_20251119_130439.json,2024
CR-24-691751-A,2,1,out/2024/2024-691751_20251119_130912.json,2024
CR-24-692151-A,3,1,out/2024/2024-688618_20251119_043852.json,2024
CR-24-692230-A,3,1,out/2024/2024-692230_20251119_142823.json,2024
CR-24-692251-A,3,1,out/2024/2024-692251_20251119_143311.json,2024
CR-24-692309-A,6,1,out/2024/2024-692309_20251119_144008.json,2024
CR-24-692341-A,6,1,out/2024/2024-692341_20251119_144539.json,2024
CR-24-692379-A,3,1,out/2024/2024-692379_20251119_144952.json,2024
CR-24-692381-A,3,1,out/2024/2024-692381_20251119_145114.json,2024
CR-24-692440-A,3,1,out/2024/2024-692440_20251119_145941.json,2024
CR-24-692484-A,3,1,out/2024/2024-692484_20251119_150407.json,2024
CR-24-692500-A,2,1,out/2024/2024-692500_20251119_150534.json,2024
CR-24-692515-A,6,2,out/2024/2024-692515_20251119_151139.json;out/obstructing_cases/out/2024/2024-692515_20251119_151139.json,2024
CR-24-692528-A,6,1,out/2024/2024-692528_20251119_151556.json,2024
CR-24-692531-A,2,1,out/2024/2024-692531_20251119_151702.json,2024
CR-24-692544-A,3,1,out/2024/2024-692544_20251119_151720.json,2024
CR-24-692729-A,3,1,out/2024/2024-692729_20251119_153919.json,2024
CR-24-693949-A,3,1,out/2024/2024-693949_20251119_182628.json,2024
CR-24-694425-A,2,1,out/2024/2024-694425_20251119_194600.json,2024
CR-24-694578-A,2,1,out/2024/2024-694578_20251119_201131.json,2024
CR-24-694599-A,6,1,out/2024/2024-694599_20251119_201348.json,2024
CR-24-694689-A,6,2,out/2024/2024-694689_20251119_203315.json;out/obstructing_cases/out/2024/2024-694689_20251119_203315.json,2024
CR-24-694763-A,6,1,out/2024/2024-694763_20251119_204713.json,2024
CR-24-694764-A,3,1,out/2024/2024-694764_20251119_204618.json,2024
CR-24-694813-A,3,1,out/2024/2024-694813_20251119_205351.json,2024
CR-24-694938-A,6,1,out/2024/2024-694938_20251119_211500.json,2024
CR-24-694941-A,6,2,out/2024/2024-694941_20251119_211509.json;out/obstructing_cases/out/2024/2024-694941_20251119_211509.json,2024
CR-24-694978-A,3,1,out/2024/2024-694978_20251119_212114.json,2024
CR-24-694982-A,3,1,out/2024/2024-694982_20251119_212114.json,2024
CR-24-694986-A,3,1,out/2024/2024-694986_20251119_212525.json,2024
CR-24-695049-A,2,1,out/2024/2024-695049_20251119_213710.json,2024
CR-24-695153-A,3,1,out/2024/2024-695153_20251119_214848.json,2024
CR-24-695185-A,2,1,out/2024/2024-695185_20251119_215729.json,2024
CR-24-695315-A,3,1,out/2024/2024-695315_20251119_221208.json,2024
CR-24-695383-A,2,1,out/2024/2024-695383_20251119_222201.json,2024
CR-24-695547-A,2,1,out/2024/2024-695547_20251119_225314.json,2024
CR-24-695555-A,3,1,out/2024/2024-695555_20251119_225127.json,2024
CR-24-695556-A,6,1,out/2024/2024-695556_20251119_225128.json,2024
CR-24-695560-A,3,1,out/2024/2024-695560_20251119_225234.json,2024
CR-24-695567-A,3,1,out/2024/2024-695567_20251119_225604.json,2024
CR-24-695627-A,3,1,out/2024/2024-695627_20251119_230814.json,2024
CR-24-695661-A,6,1,out/2024/2024-695661_20251119_231521.json,2024
CR-24-695723-A,3,1,out/2024/2024-695723_20251119_233007.json,2024
CR-24-695743-A,6,2,out/2024/2024-695743_20251119_233301.json;out/obstructing_cases/out/2024/2024-695743_20251119_233301.json,2024
CR-24-695758-A,3,1,out/2024/2024-695758_20251119_233342.json,2024
CR-24-695764-A,3,1,out/2024/2024-695764_20251119_233607.json,2024
CR-24-695766-A,3,1,out/2024/2024-695766_20251119_233609.json,2024
CR-24-695775-A,3,1,out/2024/2024-695775_20251119_233922.json,2024
CR-24-695786-A,2,1,out/2024/2024-695786_20251119_233918.json,2024
CR-24-695840-A,3,1,out/2024/2024-695840_20251119_235053.json,2024
CR-24-695897-A,3,1,out/2024/2024-695897_20251120_000026.json,2024
CR-24-696055-A,3,1,out/2024/2024-696055_20251120_001829.json,2024
CR-24-696084-A,3,1,out/2024/2024-696084_20251120_002634.json,2024
CR-24-696099-A,3,1,out/2024/2024-696099_20251120_003001.json,2024
CR-24-696121-A,3,1,out/2024/2024-696121_20251120_003346.json,2024
CR-24-696122-A,4,2,out/2024/2024-696122_20251120_003220.json;out/obstructing_cases/out/2024/2024-696122_20251120_003220.json,2024
CR-24-696350-A,4,1,out/2024/2024-696350_20251120_005949.json,2024
CR-24-696395-A,4,1,out/2024/2024-696395_20251120_010829.json,2024
CR-24-696479-A,2,1,out/2024/2024-696479_20251120_012457.json,2024
CR-24-696483-A,3,1,out/2024/2024-696483_20251120_012344.json,2024
CR-24-696628-A,3,1,out/2024/2024-696628_20251120_013955.json,2024
CR-24-696659-A,3,1,out/2024/2024-696659_20251120_014406.json,2024
CR-24-696691-A,3,1,out/2024/2024-696691_20251120_015009.json,2024
CR-24-696759-A,3,1,out/2024/2024-696759_20251120_020300.json,2024
CR-24-696765-A,3,1,out/2024/2024-696765_20251120_020301.json,2024
CR-24-696766-A,3,1,out/2024/2024-696766_20251120_020159.json,2024
CR-24-697071-A,2,1,out/2024/2024-697071_20251120_023814.json,2024
CR-24-697078-A,3,1,out/2024/2024-697078_20251120_024123.json,2024
CR-24-697098-A,4,2,out/2024/2024-697098_20251120_024353.json;out/obstructing_cases/out/2024/2024-697098_20251120_024353.json,2024
CR-24-697141-A,3,1,out/2024/2024-697141_20251120_025817.json,2024
CR-24-697146-A,3,1,out/2024/2024-697146_20251120_025851.json,2024
CR-24-697147-A,3,1,out/2024/2024-697147_20251120_025745.json,2024
CR-24-697163-A,2,1,out/2024/2024-697163_20251120_030141.json,2024
CR-24-697205-A,3,1,out/2024/2024-697205_20251120_030732.json,2024
CR-24-697206-A,4,2,out/2024/2024-697206_20251120_030627.json;out/obstructing_cases/out/2024/2024-697206_20251120_030627.json,2024
CR-24-697298-A,3,1,out/2024/2024-697298_20251120_032829.json,2024
CR-24-697301-A,2,1,out/2024/2024-697301_20251120_032938.json,2024
CR-24-697402-A,3,1,out/2024/2024-697402_20251120_034546.json,2024
CR-24-697421-A,3,1,out/2024/2024-697421_20251120_035003.json,2024
CR-24-697458-A,3,1,out/2024/2024-697458_20251120_040043.json,2024
CR-24-697534-A,3,1,out/2024/2024-697534_20251120_041646.json,2024
CR-24-697611-A,3,1,out/2024/2024-697611_20251120_044027.json,2024
CR-24-697667-A,6,1,out/2024/2024-697667_20251120_044844.json,2024
CR-24-697679-A,3,1,out/2024/2024-697679_20251120_044921.json,2024
CR-24-697732-A,3,1,out/2024/2024-697732_20251120_045732.json,2024
CR-24-697758-A,3,1,out/2024/2024-697758_20251120_050636.json,2024
CR-24-697870-A,3,1,out/2024/2024-697870_20251120_053031.json,2024
CR-25-698278-A,3,1,out/2025/2025-698278_20251120_062303.json,2025
CR-25-698295-A,2,1,out/2025/2025-698295_20251120_062519.json,2025
CR-25-698352-A,2,1,out/2025/2025-698352_20251120_064642.json,2025
CR-25-698404-A,3,1,out/2025/2025-698404_20251120_065604.json,2025
CR-25-698424-A,6,1,out/2025/2025-698424_20251120_070406.json,2025
CR-25-698434-A,3,1,out/2025/2025-698434_20251120_071024.json,2025
CR-25-698437-A,3,1,out/2025/2025-698437_20251120_071009.json,2025
CR-25-698468-A,3,1,out/2025/2025-698468_20251120_071457.json,2025
CR-25-698474-A,3,1,out/2025/2025-698474_20251120_071655.json,2025
CR-25-698483-A,3,1,out/2025/2025-698483_20251120_071657.json,2025
CR-25-698529-A,3,1,out/2025/2025-698529_20251120_072415.json,2025
CR-25-698562-A,3,1,out/2025/2025-698562_20251120_072934.json,2025
CR-25-698566-A,6,1,out/2025/2025-698566_20251120_072740.json,2025
CR-25-698588-A,3,1,out/2025/2025-698588_20251120_073640.json,2025
CR-25-698600-A,3,1,out/2025/2025-698600_20251120_073725.json,2025
CR-25-698602-A,3,1,out/2025/2025-698602_20251120_073535.json,2025
CR-25-698606-A,9,3,out/2025/2025-698606_20251120_073616.json;out/obstructing_cases/archived_jsons_aggressive_20260101_084154/out/2025/2025-698606_20251120_073535.json;out/obstructing_cases/out/2025/2025-698606_20251120_073616.json,2025
CR-25-698660-A,2,1,out/2025/2025-698660_20251120_074801.json,2025
CR-25-698663-A,6,1,out/2025/2025-698663_20251120_075137.json,2025
CR-25-698673-A,3,1,out/2025/2025-698673_20251120_075611.json,2025
CR-25-698688-A,3,1,out/2025/2025-698688_20251120_075624.json,2025
CR-25-698724-A,3,1,out/2025/2025-698724_20251120_080522.json,2025
CR-25-698729-A,3,1,out/2025/2025-698729_20251120_080602.json,2025
CR-25-698767-A,6,1,out/2025/2025-698767_20251120_081243.json,2025
CR-25-698768-A,3,1,out/2025/2025-698768_20251120_081228.json,2025
CR-25-698784-A,3,1,out/2025/2025-698784_20251120_081327.json,2025
CR-25-698802-A,6,1,out/2025/2025-698802_20251120_081945.json,2025
CR-25-698838-A,3,1,out/2025/2025-698838_20251120_082909.json,2025
CR-25-698910-A,2,1,out/2025/2025-698910_20251120_085224.json,2025
CR-25-699000-A,2,1,out/2025/2025-699000_20251120_091657.json,2025
CR-25-699048-A,2,1,out/2025/2025-699048_20251120_093112.json,2025
CR-25-699052-A,3,1,out/2025/2025-699052_20251120_093100.json,2025
CR-25-699058-A,3,1,out/2025/2025-699058_20251120_093100.json,2025
CR-25-699112-A,3,1,out/2025/2025-699112_20251120_094000.json,2025
CR-25-699394-A,3,1,out/2025/2025-699394_20251120_103514.json,2025
CR-25-699421-A,2,1,out/2025/2025-699421_20251120_104405.json,2025
CR-25-699478-A,6,1,out/2025/2025-699478_20251120_105420.json,2025
CR-25-699523-A,3,1,out/2025/2025-699523_20251120_110402.json,2025
CR-25-699538-A,3,1,out/2025/2025-699538_20251120_110756.json,2025
CR-25-699560-A,3,1,out/2025/2025-699560_20251120_111246.json,2025
CR-25-699576-A,3,1,out/2025/2025-699576_20251120_111507.json,2025
CR-25-699667-A,6,2,out/2025/2025-699667_20251120_113258.json;out/obstructing_cases/out/2025/2025-699667_20251120_113258.json,2025
CR-25-699741-A,3,1,out/2025/2025-699741_20251120_115207.json,2025
CR-25-699827-A,3,1,out/2025/2025-699827_20251120_121849.json,2025
CR-25-699828-A,3,1,out/2025/2025-699828_20251120_121922.json,2025
CR-25-699853-A,2,1,out/2025/2025-699853_20251120_122355.json,2025
CR-25-699859-A,3,1,out/2025/2025-699859_20251120_122639.json,2025
CR-25-699860-A,3,1,out/2025/2025-699860_20251120_122837.json,2025
CR-25-699909-A,2,1,out/2025/2025-699909_20251120_123749.json,2025
CR-25-699947-A,3,1,out/2025/2025-699947_20251120_124343.json,2025
CR-25-699994-A,3,1,out/2025/2025-699994_20251120_125641.json,2025
CR-25-699999-A,3,1,out/2025/2025-699999_20251120_125944.json,2025
CR-25-700090-A,2,1,out/2025/2025-700090_20251120_131314.json,2025
CR-25-700106-A,2,1,out/2025/2025-700106_20251120_131347.json,2025
CR-25-700130-A,6,1,out/2025/2025-700130_20251120_131618.json,2025
CR-25-700151-A,2,1,out/2025/2025-700151_20251120_132731.json,2025
CR-25-700190-A,2,1,out/2025/2025-700190_20251120_133419.json,2025
CR-25-700210-A,3,1,out/2025/2025-700210_20251120_133654.json,2025
CR-25-700253-A,3,1,out/2025/2025-700253_20251120_134446.json,2025
CR-25-700261-A,2,1,out/2025/2025-700261_20251120_134730.json,2025
CR-25-700298-A,3,1,out/2025/2025-700298_20251120_135019.json,2025
CR-25-700303-A,3,1,out/2025/2025-700303_20251120_135644.json,2025
CR-25-700347-A,3,1,out/2025/2025-700347_20251120_140106.json,2025
CR-25-700374-A,2,1,out/2025/2025-700374_20251120_140918.json,2025
CR-25-700387-A,3,1,out/2025/2025-700387_20251120_141445.json,2025
CR-25-700426-A,2,1,out/2025/2025-700426_20251120_142057.json,2025
CR-25-700444-A,6,2,out/2025/2025-700444_20251120_142504.json;out/obstructing_cases/out/2025/2025-700444_20251120_142504.json,2025
CR-25-700493-A,3,1,out/2025/2025-700493_20251120_143659.json,2025
CR-25-700521-A,2,1,out/2025/2025-700521_20251120_144247.json,2025
CR-25-700532-A,2,1,out/2025/2025-700532_20251120_144559.json,2025
CR-25-700536-A,3,1,out/2025/2025-700536_20251120_144707.json,2025
CR-25-700544-A,2,1,out/2025/2025-700544_20251120_144601.json,2025
CR-25-700547-A,3,1,out/2025/2025-700547_20251120_144710.json,2025
CR-25-700607-A,3,1,out/2025/2025-700607_20251120_150442.json,2025
CR-25-700609-A,3,1,out/2025/2025-700609_20251120_150108.json,2025
CR-25-700627-A,3,1,out/2025/2025-700627_20251120_151042.json,2025
CR-25-700635-A,3,1,out/2025/2025-700635_20251120_151048.json,2025
CR-25-700638-A,3,1,out/2025/2025-700638_20251120_151149.json,2025
CR-25-700669-A,3,1,out/2025/2025-700669_20251120_152654.json,2025
CR-25-700699-A,6,1,out/2025/2025-700699_20251120_153346.json,2025
CR-25-700753-A,3,1,out/2025/2025-700753_20251120_154230.json,2025
CR-25-700758-A,3,1,out/2025/2025-700758_20251120_154204.json,2025
CR-25-700778-A,6,1,out/2025/2025-700778_20251120_154409.json,2025
CR-25-700819-A,3,1,out/2025/2025-700819_20251120_155309.json,2025
CR-25-700887-A,2,1,out/2025/2025-700887_20251120_160830.json,2025
CR-25-700889-A,2,1,out/2025/2025-700889_20251120_160829.json,2025
CR-25-700892-A,2,1,out/2025/2025-700892_20251120_160741.json,2025
CR-25-700893-A,3,1,out/2025/2025-700893_20251120_160757.json,2025
CR-25-700905-A,2,1,out/2025/2025-700905_20251120_161117.json,2025
CR-25-700909-A,3,1,out/2025/2025-700909_20251120_161335.json,2025
CR-25-700910-A,3,1,out/2025/2025-700910_20251120_161335.json,2025
CR-25-700927-A,2,1,out/2025/2025-700927_20251120_161743.json,2025
CR-25-701106-A,2,1,out/2025/2025-701106_20251120_165500.json,2025
CR-25-701116-A,3,1,out/2025/2025-701116_20251120_165607.json,2025
CR-25-701129-A,2,1,out/2025/2025-701129_20251120_170407.json,2025
CR-25-701143-A,3,1,out/2025/2025-701143_20251120_170528.json,2025
CR-25-701145-A,3,1,out/2025/2025-701145_20251120_170522.json,2025
CR-25-701232-A,2,1,out/2025/2025-701232_20251120_200214.json,2025
CR-25-701393-A,3,1,out/2025/2025-701393_20251120_202623.json,2025
CR-25-701447-A,3,1,out/2025/2025-701447_20251120_203524.json,2025
CR-25-701464-A,2,1,out/2025/2025-701464_20251120_203937.json,2025
CR-25-701473-A,3,1,out/2025/2025-701473_20251120_203952.json,2025
CR-25-701484-A,4,2,out/2025/2025-701484_20251120_204227.json;out/obstructing_cases/out/2025/2025-701484_20251120_204227.json,2025
CR-25-701620-A,3,1,out/2025/2025-701620_20251120_211544.json,2025
CR-25-701627-A,2,1,out/2025/2025-701627_20251120_211741.json,2025
CR-25-701638-A,3,1,out/2025/2025-701638_20251120_212144.json,2025
CR-25-701673-A,3,1,out/2025/2025-701673_20251120_213952.json,2025
CR-25-701687-A,3,1,out/2025/2025-701687_20251120_213931.json,2025
CR-25-701702-A,3,1,out/2025/2025-701702_20251120_214423.json,2025
CR-25-701744-A,2,1,out/2025/2025-701744_20251120_215456.json,2025
CR-25-701782-A,2,1,out/2025/2025-701782_20251120_220343.json,2025
CR-25-701817-A,3,1,out/2025/2025-701817_20251120_221445.json,2025
CR-25-701853-A,8,3,out/2025/2025-701853_20251120_223103.json;out/obstructing_cases/archived_jsons_aggressive_20260101_084154/out/2025/2025-701853_20251120_222619.json;out/obstructing_cases/out/2025/2025-701853_20251120_223103.json,2025
CR-25-701878-A,6,2,out/2025/2025-701878_20251120_223351.json;out/obstructing_cases/out/2025/2025-701878_20251120_223351.json,2025
CR-25-701879-A,2,1,out/2025/2025-701879_20251120_223644.json,2025
CR-25-701922-A,2,1,out/2025/2025-701922_20251120_224609.json,2025
CR-25-701945-A,3,1,out/2025/2025-701945_20251120_225130.json,2025
CR-25-701984-A,2,1,out/2025/2025-701984_20251120_230409.json,2025
CR-25-701989-A,3,1,out/2025/2025-701989_20251120_230758.json,2025
CR-25-702000-A,1,1,out/obstructing_cases/archived_jsons_aggressive_20260101_084154/out/2025/2025-702000_20251112_071419.json,2025
CR-25-702039-A,6,2,out/2025/2025-702039_20251120_231338.json;out/obstructing_cases/out/2025/2025-702039_20251120_231338.json,2025
CR-25-702078-A,10,4,out/2025/2025-702078_20251120_232558.json;out/obstructing_cases/archived_jsons_aggressive_20260101_084154/out/2025/2025-702078_20251120_232201.json;out/obstructing_cases/archived_jsons_aggressive_20260101_084154/out/2025/2025-702078_20251120_232428.json;out/obstructing_cases/out/2025/2025-702078_20251120_232558.json,2025
CR-25-702084-A,3,1,out/2025/2025-702084_20251120_232532.json,2025
CR-25-702088-A,3,1,out/2025/2025-702088_20251120_232726.json,2025
CR-25-702104-A,6,2,out/2025/2025-702104_20251120_232722.json;out/obstructing_cases/out/2025/2025-702104_20251120_232722.json,2025
CR-25-702135-A,3,1,out/2025/2025-702135_20251120_233609.json,2025
CR-25-702150-A,4,2,out/2025/2025-702150_20251120_234150.json;out/obstructing_cases/out/2025/2025-702150_20251120_234150.json,2025
CR-25-702157-A,2,1,out/2025/2025-702157_20251120_234142.json,2025
CR-25-702205-A,1,1,out/2025/2025-702205_20251112_072240.json,2025
CR-25-702206-A,3,1,out/2025/2025-702206_20251120_235522.json,2025
CR-25-702253-A,6,2,out/2025/2025-702253_20251121_000128.json;out/obstructing_cases/out/2025/2025-702253_20251121_000128.json,2025
CR-25-702259-A,2,1,out/2025/2025-702259_20251121_000131.json,2025
CR-25-702291-A,3,1,out/2025/2025-702291_20251121_000516.json,2025
CR-25-702355-A,2,1,out/2025/2025-702355_20251121_001340.json,2025
CR-25-702422-A,3,1,out/2025/2025-702422_20251121_002043.json,2025
CR-25-702465-A,3,1,out/2025/2025-702465_20251121_002554.json,2025
CR-25-702479-A,2,1,out/2025/2025-702479_20251121_003538.json,2025
CR-25-702560-A,33,3,out/2025/2025-702560_20251121_004724.json;out/obstructing_cases/archived_jsons_aggressive_20260101_084154/out/2025/2025-702560_20251121_004700.json;out/obstructing_cases/out/2025/2025-702560_20251121_004724.json,2025
CR-25-702654-A,3,1,out/2025/2025-702654_20251121_010707.json,2025
CR-25-702664-A,3,1,out/2025/2025-702664_20251121_011138.json,2025
CR-25-702681-A,3,1,out/2025/2025-702681_20251121_011414.json,2025
CR-25-702704-A,2,1,out/2025/2025-702704_20251121_011716.json,2025
CR-25-702707-A,2,1,out/2025/2025-702707_20251121_011911.json,2025
CR-25-702776-A,1,1,out/2025/2025-702776_20251112_074120.json,2025
CR-25-702870-A,3,1,out/2025/2025-702870_20251121_014406.json,2025
CR-25-702912-A,3,1,out/2025/2025-702912_20251121_015645.json,2025
CR-25-702934-A,6,2,out/2025/2025-702934_20251121_020226.json;out/obstructing_cases/out/2025/2025-702934_20251121_020226.json,2025
CR-25-702947-A,4,1,out/2025/2025-702947_20251121_020314.json,2025
CR-25-702984-A,3,1,out/2025/2025-702984_20251121_021411.json,2025
CR-25-702992-A,3,1,out/2025/2025-702992_20251121_021409.json,2025
CR-25-703046-A,1,1,out/2025/2025-703046_20251112_075021.json,2025
CR-25-703059-A,2,2,out/2025/2025-703059_20251112_075115.json;out/obstructing_cases/out/2025/2025-703059_20251112_075115.json,2025
CR-25-703068-A,1,1,out/2025/2025-703068_20251112_075207.json,2025
CR-25-703144-A,4,1,out/2025/2025-703144_20251121_022905.json,2025
CR-25-703245-A,1,1,out/2025/2025-703245_20251112_075825.json,2025
CR-25-703256-A,2,1,out/2025/2025-703256_20251112_075846.json,2025
CR-25-703257-A,1,1,out/2025/2025-703257_20251112_075847.json,2025
CR-25-703260-A,1,1,out/2025/2025-703260_20251112_075935.json,2025
CR-25-703487-A,7,3,out/2025/2025-703487_20251121_033358.json;out/obstructing_cases/archived_jsons_aggressive_20260101_084154/out/2025/2025-703487_20251121_033323.json;out/obstructing_cases/out/2025/2025-703487_20251121_033358.json,2025
CR-25-703497-A,3,1,out/2025/2025-703497_20251121_033500.json,2025
CR-25-703506-A,2,1,out/2025/2025-703506_20251121_033944.json,2025
CR-25-703527-A,3,1,out/2025/2025-703527_20251121_034231.json,2025
CR-25-703540-A,2,1,out/2025/2025-703540_20251121_034618.json,2025
CR-25-703702-A,3,1,out/2025/2025-703702_20251121_041640.json,2025
CR-25-703806-A,3,1,out/2025/2025-703806_20251121_043851.json,2025
CR-25-703844-A,9,1,out/2025/2025-703844_20251121_044555.json,2025
CR-25-703867-A,6,2,out/2025/2025-703867_20251121_045300.json;out/obstructing_cases/out/2025/2025-703867_20251121_045300.json,2025
CR-25-703892-A,3,1,out/2025/2025-703892_20251121_045652.json,2025
CR-25-703901-A,2,1,out/2025/2025-703901_20251121_045755.json,2025
CR-25-704009-A,3,1,out/2025/2025-704009_20251121_051938.json,2025
CR-25-704011-A,4,1,out/2025/2025-704011_20251121_051812.json,2025
CR-25-704021-A,3,1,out/2025/2025-704021_20251121_052133.json,2025
CR-25-704034-A,3,1,out/2025/2025-704034_20251121_052417.json,2025
CR-25-704053-A,4,2,out/2025/2025-704053_20251121_052637.json;out/obstructing_cases/out/2025/2025-704053_20251121_052637.json,2025
CR-25-704056-A,3,1,out/2025/2025-704056_20251121_052913.json,2025
CR-25-704057-A,3,1,out/2025/2025-704057_20251121_052847.json,2025
CR-25-704066-A,3,1,out/2025/2025-704066_20251121_052834.json,2025
CR-25-704120-A,3,1,out/2025/2025-704120_20251121_054020.json,2025
CR-25-704163-A,3,1,out/2025/2025-704163_20251121_054806.json,2025
CR-25-704174-A,2,1,out/2025/2025-704174_20251121_055423.json,2025
CR-25-704176-A,3,1,out/2025/2025-704176_20251121_055357.json,2025
CR-25-704210-A,3,1,out/2025/2025-704210_20251121_060203.json,2025
CR-25-704257-A,6,2,out/2025/2025-704257_20251121_060906.json;out/obstructing_cases/out/2025/2025-704257_20251121_060906.json,2025
CR-25-704309-A,3,1,out/2025/2025-704309_20251121_062408.json,2025
CR-25-704312-A,3,1,out/2025/2025-704312_20251121_062630.json,2025
CR-25-704323-A,3,1,out/2025/2025-704323_20251121_062630.json,2025
CR-25-704370-A,1,1,out/2025/2025-704370_20251112_084513.json,2025
CR-25-704433-A,3,1,out/2025/2025-704433_20251121_065033.json,2025
CR-25-704437-A,3,1,out/2025/2025-704437_20251121_064954.json,2025
CR-25-704445-A,2,1,out/2025/2025-704445_20251121_064850.json,2025
CR-25-704462-A,3,1,out/2025/2025-704462_20251121_065533.json,2025
CR-25-704522-A,3,1,out/2025/2025-704522_20251121_071040.json,2025
CR-25-704537-A,8,4,out/2025/2025-704537_20251121_071739.json;out/obstructing_cases/archived_jsons_aggressive_20260101_084154/out/2025/2025-704537_20251121_071037.json;out/obstructing_cases/archived_jsons_aggressive_20260101_084154/out/2025/2025-704537_20251121_071533.json;out/obstructing_cases/out/2025/2025-704537_20251121_071739.json,2025
CR-25-704549-A,3,1,out/2025/2025-704549_20251121_071741.json,2025
CR-25-704606-A,2,1,out/2025/2025-704606_20251121_073453.json,2025
CR-25-704611-A,2,1,out/2025/2025-704611_20251121_073942.json,2025
CR-25-704625-A,2,1,out/2025/2025-704625_20251121_074022.json,2025
CR-25-704635-A,3,1,out/2025/2025-704635_20251121_074232.json,2025
CR-25-704678-A,3,1,out/2025/2025-704678_20251121_074731.json,2025
CR-25-704689-A,2,1,out/2025/2025-704689_20251121_074950.json,2025
CR-25-704699-A,1,1,out/2025/2025-704699_20251121_075234.json,2025
CR-25-704731-A,9,3,out/2025/2025-704731_20251121_080104.json;out/obstructing_cases/archived_jsons_aggressive_20260101_084154/out/2025/2025-704731_20251121_075959.json;out/obstructing_cases/out/2025/2025-704731_20251121_080104.json,2025
CR-25-704758-A,3,1,out/2025/2025-704758_20251121_081029.json,2025
CR-25-704932-A,3,1,out/2025/2025-704932_20251121_084932.json,2025
CR-25-704963-A,3,1,out/2025/2025-704963_20251121_085707.json,2025
CR-25-704980-A,3,1,out/2025/2025-704980_20251121_090418.json,2025
CR-25-704988-A,2,1,out/2025/2025-704988_20251121_090428.json,2025
CR-25-705065-A,3,1,out/2025/2025-705065_20251121_092015.json,2025
CR-25-705100-A,3,1,out/2025/2025-705100_20251121_093214.json,2025
CR-25-705177-A,7,3,out/2025/2025-705177_20251121_094329.json;out/obstructing_cases/archived_jsons_aggressive_20260101_084154/out/2025/2025-705177_20251112_094009.json;out/obstructing_cases/out/2025/2025-705177_20251121_094329.json,2025
CR-25-705193-A,3,3,out/2025/2025-705193_20251121_094711.json;out/obstructing_cases/archived_jsons_aggressive_20260101_084154/out/2025/2025-705193_20251121_094521.json;out/obstructing_cases/out/2025/2025-705193_20251121_094711.json,2025
CR-25-705201-A,2,1,out/2025/2025-705201_20251121_094621.json,2025
CR-25-705204-A,1,1,out/2025/2025-705204_20251121_095050.json,2025
CR-25-705221-A,2,1,out/2025/2025-705221_20251121_095105.json,2025
CR-25-705278-A,6,2,out/2025/2025-705278_20251121_100640.json;out/obstructing_cases/out/2025/2025-705278_20251121_100640.json,2025
CR-25-705320-A,1,1,out/2025/2025-705320_20251112_095619.json,2025
CR-25-705333-A,1,1,out/2025/2025-705333_20251112_095639.json,2025
CR-25-705347-A,3,1,out/2025/2025-705347_20251121_102342.json,2025
CR-25-705356-A,3,1,out/2025/2025-705356_20251121_102548.json,2025
CR-25-705426-A,2,1,out/2025/2025-705426_20251121_103823.json,2025
CR-25-705562-A,2,1,out/2025/2025-705562_20251112_101159.json,2025
CR-25-705588-A,3,1,out/2025/2025-705588_20251121_111752.json,2025
CR-25-705601-A,3,1,out/2025/2025-705601_20251121_111742.json,2025
CR-25-705643-A,2,1,out/2025/2025-705643_20251121_113149.json,2025
CR-25-705657-A,3,1,out/2025/2025-705657_20251121_113442.json,2025
CR-25-705676-A,3,1,out/2025/2025-705676_20251121_113757.json,2025
CR-25-705677-A,3,1,out/2025/2025-705677_20251121_113911.json,2025
CR-25-705692-A,3,1,out/2025/2025-705692_20251121_114220.json,2025
CR-25-705730-A,3,1,out/2025/2025-705730_20251121_114924.json,2025
CR-25-705738-A,3,1,out/2025/2025-705738_20251121_115332.json,2025
CR-25-705752-A,2,1,out/2025/2025-705752_20251121_115815.json,2025
CR-25-705762-A,1,1,out/2025/2025-705762_20251121_115630.json,2025
CR-25-705771-A,3,1,out/2025/2025-705771_20251121_115851.json,2025
CR-25-705873-A,3,1,out/2025/2025-705873_20251121_122949.json,2025
CR-25-705938-A,2,1,out/2025/2025-705938_20251121_124027.json,2025
CR-25-705984-A,1,1,out/2025/2025-705984_20251112_104330.json,2025
CR-25-706007-A,5,2,out/obstructing_cases/archived_jsons_aggressive_20260101_084154/out/2025/2025-706007_20251112_104448.json;out/obstructing_cases/archived_jsons_aggressive_20260101_084154/out/2025/2025-706007_20251115_083055.json,2025
CR-25-706089-A,4,3,out/2025/2025-706089_20251121_130808.json;out/obstructing_cases/archived_jsons_aggressive_20260101_084154/out/2025/2025-706089_20251115_075926.json;out/obstructing_cases/out/2025/2025-706089_20251121_130808.json,2025
CR-25-706151-A,3,1,out/2025/2025-706151_20251121_132315.json,2025
CR-25-706174-A,2,1,out/2025/2025-706174_20251121_132942.json,2025
CR-25-706212-A,2,1,out/2025/2025-706212_20251121_133725.json,2025
CR-25-706257-A,3,1,out/2025/2025-706257_20251121_134220.json,2025
CR-25-706269-A,3,1,out/2025/2025-706269_20251121_134640.json,2025
CR-25-706290-A,2,1,out/2025/2025-706290_20251121_134915.json,2025
CR-25-706460-A,2,1,out/2025/2025-706460_20251209_062624.json,2025
CR-25-706794-A,1,1,out/2025/2025-706794_20251121_153122.json,2025
CR-25-706959-A,2,1,out/2025/2025-706959_20251121_161254.json,2025
