file_path,match_count
"out/2023/2023-687217_20251119_001756.json",3
"out/2023/2023-678064_20251116_150100.json",2
"out/2023/2023-683014_20251111_081546.json",1
"out/2023/2023-680855_20251111_051455.json",1
"out/2023/2023-687164_20251119_000731.json",2
"out/2023/2023-683121_20251111_082558.json",1
"out/2023/2023-682621_20251111_074110.json",1
"out/2023/2023-682712_20251111_074553.json",1
"out/2023/2023-680820_20251111_051041.json",1
"out/2023/2023-677672_20251116_111237.json",2
"out/2023/2023-683884_20251111_093424.json",2
"out/2023/2023-680669_20251111_045828.json",1
"out/2023/2023-683733_20251112_170542.json",1
"out/2023/2023-678057_20251116_145554.json",3
"out/2023/2023-681900_20251117_131544.json",3
"out/2023/2023-687703_20251111_150353.json",1
"out/2023/2023-683736_20251111_091829.json",1
"out/2023/2023-687813_20251119_021646.json",6
"out/2023/2023-679547_20251110_195019.json",1
"out/2023/2023-681116_20251111_053427.json",1
"out/2023/2023-681497_20251117_120828.json",3
"out/2023/2023-682647_20251118_110530.json",3
"out/2023/2023-687282_20251111_143057.json",1
"out/2023/2023-684674_20251111_104438.json",1
"out/2023/2023-683218_20251111_083437.json",1
"out/2023/2023-686592_20251118_223222.json",3
"out/2023/2023-683445_20251118_132605.json",3
"out/2023/2023-685465_20251111_115146.json",2
"out/2023/2023-687272_20251119_002828.json",3
"out/2023/2023-680520_20251111_044521.json",2
"out/2023/2023-682240_20251111_071256.json",1
"out/2023/2023-682033_20251111_065500.json",1
"out/2023/2023-677651_20251116_110216.json",3
"out/2023/2023-681778_20251117_125716.json",3
"out/2023/2023-678201_20251116_161058.json",2
"out/2023/2023-687227_20251119_001901.json",3
"out/2023/2023-682119_20251110_163818.json",1
"out/2023/2023-684987_20251109_212047.json",2
"out/2023/2023-681428_20251111_060358.json",1
"out/2023/2023-687577_20251111_145337.json",1
"out/2023/2023-686081_20251111_124432.json",1
"out/2023/2023-680683_20251111_050120.json",1
"out/2023/2023-678051_20251116_145152.json",2
"out/2023/2023-682363_20251117_143905.json",3
"out/2023/2023-684298_20251118_154056.json",3
"out/2023/2023-679189_20251110_191918.json",1
"out/2023/2023-685039_20251111_111848.json",1
"out/2023/2023-680245_20251117_091629.json",3
"out/2023/2023-677931_20251116_134121.json",3
"out/2023/2023-686030_20251118_203809.json",2
"out/2023/2023-680282_20251111_035909.json",2
"out/2023/2023-677793_20251116_122226.json",2
"out/2023/2023-678546_20251116_184413.json",3
"out/2023/2023-682464_20251111_073216.json",1
"out/2023/2023-685140_20251111_112841.json",1
"out/2023/2023-686862_20251118_231654.json",3
"out/2023/2023-685421_20251118_184452.json",3
"out/2023/2023-682433_20251117_144752.json",3
"out/2023/2023-677993_20251116_142113.json",3
"out/2023/2023-687216_20251119_001756.json",3
"out/2023/2023-678434_20251116_174201.json",3
"out/2023/2023-681108_20251111_053314.json",1
"out/2023/2023-685430_20251111_114939.json",1
"out/2023/2023-678807_20251116_204827.json",3
"out/2023/2023-683357_20251111_084853.json",1
"out/2023/2023-677973_20251116_140755.json",2
"out/2023/2023-687773_20251119_020918.json",3
"out/2023/2023-677995_20251116_142210.json",2
"out/2023/2023-685222_20251111_113457.json",1
"out/2023/2023-685149_20251118_180405.json",2
"out/2023/2023-678137_20251116_155037.json",3
"out/2023/2023-682012_20251111_065327.json",1
"out/2023/2023-678433_20251116_174107.json",3
"out/2023/2023-682374_20251111_072655.json",1
"out/2023/2023-687519_20251111_144803.json",1
"out/2023/2023-678389_20251116_172232.json",3
"out/2023/2023-679174_20251110_191745.json",1
"out/2023/2023-679327_20251110_193108.json",1
"out/2023/2023-682526_20251117_150653.json",3
"out/2023/2023-681341_20251111_055431.json",1
"out/2023/2023-684018_20251111_094455.json",1
"out/2023/2023-684904_20251118_172118.json",3
"out/2023/2023-687300_20251119_003245.json",3
"out/2023/2023-683790_20251111_092352.json",1
"out/2023/2023-678966_20251110_190110.json",2
"out/2023/2023-682552_20251117_151523.json",6
"out/2023/2023-687500_20251119_011846.json",3
"out/2023/2023-687590_20251119_013823.json",2
"out/2023/2023-677971_20251116_140628.json",3
"out/2023/2023-683066_20251118_122910.json",6
"out/2023/2023-679181_20251110_132517.json",6
"out/2023/2023-678442_20251116_174636.json",3
"out/2023/2023-685000_20251111_111403.json",1
"out/2023/2023-681730_20251117_124655.json",3
"out/2023/2023-678121_20251116_154040.json",3
"out/2023/2023-684948_20251118_172501.json",3
"out/2023/2023-683869_20251118_143636.json",3
"out/2023/2023-686567_20251111_132858.json",2
"out/2023/2023-686212_20251111_125256.json",1
"out/2023/2023-684826_20251227_041831.json",2
"out/2023/2023-680400_20251117_093708.json",3
"out/2023/2023-683180_20251111_083159.json",1
"out/2023/2023-682413_20251111_072949.json",1
"out/2023/2023-681610_20251117_122630.json",2
"out/2023/2023-679332_20251110_193131.json",1
"out/2023/2023-687441_20251119_010425.json",3
"out/2023/2023-686687_20251111_134018.json",1
"out/2023/2023-680641_20251111_045423.json",1
"out/2023/2023-682151_20251111_070350.json",1
"out/2023/2023-686236_20251111_125537.json",1
"out/2023/2023-686766_20251111_134607.json",1
"out/2023/2023-680691_20251111_050146.json",2
"out/2023/2023-677947_20251116_135114.json",2
"out/2023/2023-683688_20251111_091513.json",2
"out/2023/2023-679591_20251110_195803.json",1
"out/2023/2023-679661_20251110_200444.json",1
"out/2023/2023-679329_20251110_193108.json",1
"out/2023/2023-678010_20251116_143100.json",3
"out/2023/2023-677802_20251116_122856.json",3
"out/2023/2023-686572_20251118_222444.json",3
"out/2023/2023-677999_20251116_142549.json",6
"out/2023/2023-677590_20251116_103154.json",2
"out/2023/2023-686709_20251111_134221.json",1
"out/2023/2023-678590_20251116_190516.json",3
"out/2023/2023-685054_20251111_112013.json",2
"out/2023/2023-678935_20251110_185913.json",1
"out/2023/2023-679541_20251110_195018.json",1
"out/2023/2023-677794_20251116_122325.json",2
"out/2023/2023-682788_20251111_075511.json",1
"out/2023/2023-677883_20251116_131804.json",6
"out/2023/2023-684184_20251111_100346.json",1
"out/2023/2023-680730_20251110_150048.json",1
"out/2023/2023-684826_20260101_124157.json",2
"out/2023/2023-679225_20251110_192125.json",1
"out/2023/2023-678432_20251116_174013.json",3
"out/2023/2023-686086_20251111_124456.json",1
"out/2023/2023-684300_20251111_101310.json",1
"out/2023/2023-678606_20251116_191355.json",3
"out/2023/2023-683697_20251111_091537.json",1
"out/2023/2023-686697_20251111_134038.json",1
"out/2023/2023-682844_20251111_075918.json",1
"out/2023/2023-685944_20251111_122946.json",1
"out/2023/2023-684912_20251118_172223.json",4
"out/2023/2023-687484_20251119_011641.json",3
"out/2023/2023-683204_20251118_125129.json",3
"out/2023/2023-682830_20251111_075744.json",1
"out/2023/2023-679519_20251117_074837.json",3
"out/2023/2023-686341_20251111_130701.json",2
"out/2023/2023-678520_20251116_182737.json",3
"out/2023/2023-684792_20251118_170007.json",3
"out/2023/2023-684286_20251111_100945.json",1
"out/2023/2023-683756_20251118_140943.json",4
"out/2023/2023-686358_20251118_214312.json",3
"out/2023/2023-679848_20251110_202221.json",2
"out/2023/2023-686997_20251118_234045.json",3
"out/2023/2023-678125_20251116_154355.json",3
"out/2023/2023-684334_20251118_155005.json",3
"out/2023/2023-687697_20251119_015529.json",3
"out/2023/2023-685626_20251118_192433.json",3
"out/2023/2023-678059_20251116_145746.json",2
"out/2023/2023-681985_20251117_133329.json",3
"out/2023/2023-677622_20251116_104908.json",2
"out/2023/2023-682317_20251117_142725.json",3
"out/2023/2023-681120_20251111_053428.json",1
"out/2023/2023-677763_20251116_120358.json",2
"out/2023/2023-681701_20251117_123825.json",3
"out/2023/2023-684970_20251111_111209.json",1
"out/2023/2023-677933_20251116_134311.json",2
"out/2023/2023-677920_20251116_133401.json",3
"out/2023/2023-684756_20251111_105228.json",1
"out/2023/2023-686891_20251118_232056.json",3
"out/2023/2023-682346_20251117_143412.json",3
"out/2023/2023-682735_20251118_112459.json",3
"out/2023/2023-685941_20251112_172639.json",1
"out/2023/2023-679169_20251110_191658.json",1
"out/2023/2023-686655_20251118_224601.json",9
"out/2023/2023-680829_20251117_103218.json",6
"out/2023/2023-680693_20251111_050146.json",1
"out/2023/2023-681017_20251111_052644.json",1
"out/2023/2023-682730_20251118_112257.json",2
"out/2023/2023-685099_20251111_112608.json",1
"out/2023/2023-682758_20251118_113040.json",3
"out/2023/2023-687563_20251111_145210.json",1
"out/2023/2023-678138_20251116_155132.json",3
"out/2023/2023-683049_20251111_081758.json",1
"out/2023/2023-680249_20251117_091733.json",3
"out/2023/2023-679607_20251110_195846.json",1
"out/2023/2023-687664_20251111_145910.json",1
"out/2023/2023-680487_20251117_094711.json",2
"out/2023/2023-681163_20251116_081908.json",3
"out/2023/2023-679934_20251110_203038.json",1
"out/2023/2023-685468_20251111_115204.json",1
"out/2023/2023-687352_20251119_004910.json",3
"out/2023/2023-684162_20251112_170939.json",3
"out/2023/2023-686641_20251118_224317.json",2
"out/2023/2023-686564_20251118_221839.json",3
"out/2023/2023-685936_20251111_122919.json",1
"out/2023/2023-687567_20251119_012709.json",2
"out/2023/2023-681190_20251110_153207.json",3
"out/2023/2023-681083_20251111_053149.json",1
"out/2023/2023-687949_20251119_024031.json",4
"out/2023/2023-679716_20251112_162616.json",1
"out/2023/2023-683701_20251111_091557.json",1
"out/2023/2023-686589_20251118_223039.json",1
"out/2023/2023-681350_20251111_055451.json",1
"out/2023/2023-684217_20251118_153057.json",3
"out/2023/2023-685088_20251111_112241.json",1
"out/2023/2023-684984_20251111_111313.json",1
"out/2023/2023-682501_20251117_150150.json",3
"out/2023/2023-683206_20251118_125130.json",3
"out/2023/2023-677892_20251116_132354.json",2
"out/2023/2023-681640_20251117_123113.json",2
"out/2023/2023-685916_20251111_122744.json",2
"out/2023/2023-678228_20251116_162619.json",3
"out/2023/2023-678279_20251116_164256.json",3
"out/2023/2023-680201_20251110_142917.json",3
"out/2023/2023-685241_20251118_181832.json",3
"out/2023/2023-679113_20251116_082028.json",3
"out/2023/2023-679086_20251110_191108.json",1
"out/2023/2023-681734_20251116_081425.json",3
"out/2023/2023-685125_20251118_175804.json",2
"out/2023/2023-685372_20251118_183627.json",2
"out/2023/2023-680873_20251117_104102.json",3
"out/2023/2023-687775_20251119_020946.json",9
"out/2023/2023-677990_20251116_141831.json",3
"out/2023/2023-681250_20251117_112358.json",3
"out/2023/2023-680865_20251111_051607.json",1
"out/2023/2023-681779_20251117_125720.json",2
"out/2023/2023-684951_20251111_111037.json",2
"out/2023/2023-677926_20251116_133902.json",3
"out/2023/2023-687841_20251119_022334.json",3
"out/2023/2023-678190_20251116_160324.json",3
"out/2023/2023-685458_20251111_115145.json",1
"out/2023/2023-686901_20251111_135457.json",1
"out/2023/2023-681386_20251111_055730.json",2
"out/2023/2023-677997_20251116_142358.json",3
"out/2023/2023-684838_20251111_110020.json",2
"out/2023/2023-681968_20251117_133104.json",6
"out/2023/2023-680126_20251117_090437.json",3
"out/2023/2023-686865_20251118_231827.json",9
"out/2023/2023-677904_20251116_132647.json",3
"out/2023/2023-677745_20251116_115131.json",3
"out/2023/2023-681382_20251111_055706.json",1
"out/2023/2023-687392_20251119_005439.json",3
"out/2023/2023-686051_20251118_204145.json",3
"out/2023/2023-684199_20251118_152440.json",3
"out/2023/2023-680880_20251110_151408.json",6
"out/2023/2023-687050_20251118_235002.json",3
"out/2023/2023-679369_20251117_072012.json",3
"out/2023/2023-678898_20251110_185602.json",1
"out/2023/2023-683753_20251118_140651.json",3
"out/2023/2023-685136_20251111_112817.json",2
"out/2023/2023-683172_20251118_124510.json",3
"out/2023/2023-678534_20251116_183629.json",3
"out/2023/2023-682914_20251111_080800.json",1
"out/2023/2023-678657_20251116_193442.json",3
"out/2023/2023-677658_20251116_110742.json",2
"out/2023/2023-686761_20251111_134539.json",1
"out/2023/2023-682567_20251117_151547.json",6
"out/2023/2023-687079_20251111_141359.json",1
"out/2023/2023-680215_20251111_010003.json",1
"out/2023/2023-683930_20251118_144501.json",2
"out/2023/2023-679943_20251117_084939.json",3
"out/2023/2023-681002_20251111_052525.json",1
"out/2023/2023-687743_20251119_020459.json",3
"out/2023/2023-683259_20251111_083930.json",1
"out/2023/2023-681362_20251111_055541.json",1
"out/2023/2023-682441_20251117_144743.json",2
"out/2023/2023-682388_20251111_072830.json",1
"out/2023/2023-687348_20251111_143542.json",1
"out/2023/2023-687038_20251118_234401.json",3
"out/2023/2023-678847_20251116_210934.json",3
"out/2023/2023-685268_20251111_113845.json",2
"out/2023/2023-678881_20251110_185449.json",1
"out/2023/2023-684080_20251111_095311.json",1
"out/2023/2023-683200_20251118_125104.json",6
"out/2023/2023-679304_20251110_192922.json",1
"out/2023/2023-686733_20251118_225950.json",2
"out/2023/2023-680942_20251117_104903.json",3
"out/2023/2023-685765_20251111_121706.json",1
"out/2023/2023-686166_20251118_211323.json",3
"out/2023/2023-682452_20251117_145116.json",3
"out/2023/2023-683507_20251111_090353.json",1
"out/2023/2023-681385_20251111_055707.json",1
"out/2023/2023-687831_20251119_022100.json",6
"out/2023/2023-687382_20251119_005313.json",3
"out/2023/2023-686760_20251111_134539.json",1
"out/2023/2023-677764_20251116_120426.json",3
"out/2023/2023-687502_20251119_011924.json",3
"out/2023/2023-684374_20251118_155716.json",3
"out/2023/2023-682718_20251118_112019.json",2
"out/2023/2023-678747_20251116_202012.json",3
"out/2023/2023-681731_20251117_124553.json",6
"out/2023/2023-686497_20251118_220616.json",3
"out/2023/2023-682018_20251111_065352.json",1
"out/2023/2023-681746_20251117_125000.json",3
"out/2023/2023-685835_20251111_122216.json",1
"out/2023/2023-681774_20251111_063212.json",2
"out/2023/2023-687137_20251119_000240.json",3
"out/2023/2023-684666_20251111_104412.json",1
"out/2023/2023-684559_20251118_163118.json",4
"out/2023/2023-683611_20251116_075300.json",3
"out/2023/2023-687643_20251119_014733.json",6
"out/2023/2023-682725_20251118_112019.json",3
"out/2023/2023-681340_20251111_055431.json",1
"out/2023/2023-678774_20251116_203417.json",3
"out/2023/2023-677835_20251116_125044.json",2
"out/2023/2023-682247_20251117_140816.json",3
"out/2023/2023-678945_20251110_185939.json",1
"out/2023/2023-677992_20251116_142019.json",3
"out/2023/2023-679570_20251110_195410.json",1
"out/2023/2023-687388_20251119_005354.json",6
"out/2023/2023-685364_20251111_114459.json",1
"out/2023/2023-685457_20251111_115100.json",1
"out/2023/2023-685420_20251118_184509.json",3
"out/2023/2023-684911_20251118_172222.json",3
"out/2023/2023-681819_20251111_063710.json",1
"out/2023/2023-686061_20251118_204952.json",3
"out/2023/2023-687930_20251111_152144.json",1
"out/2023/2023-685299_20251111_114119.json",2
"out/2023/2023-684486_20251118_161413.json",3
"out/2023/2023-683744_20251118_140733.json",3
"out/2023/2023-678819_20251116_205342.json",3
"out/2023/2023-687636_20251119_014800.json",3
"out/2023/2023-681884_20251117_131544.json",3
"out/2023/2023-687158_20251119_000915.json",3
"out/2023/2023-681104_20251111_053254.json",1
"out/2023/2023-679711_20251110_140122.json",1
"out/2023/2023-686730_20251118_225605.json",3
"out/2023/2023-683067_20251118_122951.json",2
"out/2023/2023-680492_20251111_044340.json",1
"out/2023/2023-678506_20251116_181818.json",3
"out/2023/2023-686640_20251118_224340.json",2
"out/2023/2023-678466_20251116_175746.json",3
"out/2023/2023-678015_20251116_143323.json",2
"out/2023/2023-681560_20251117_121917.json",2
"out/2023/2023-683881_20251118_143621.json",3
"out/2023/2023-677996_20251116_142304.json",3
"out/2023/2023-685660_20251118_193640.json",3
"out/2023/2023-683967_20251111_094142.json",1
"out/2023/2023-687921_20251111_152124.json",1
"out/2023/2023-677934_20251116_134338.json",3
"out/2023/2023-684357_20251111_101844.json",1
"out/2023/2023-683561_20251111_090709.json",1
"out/2023/2023-683609_20251111_091014.json",1
"out/2023/2023-685251_20251116_084132.json",4
"out/2023/2023-684478_20251118_161504.json",2
"out/all_cuyahoga_eval_charge_mismatch_fuzzy_v2.csv.bak.20260216160833",146
"out/obstructing_cases/archived_jsons_aggressive_20260101_084154/out/2023/2023-684826_20251115_125347.json",2
"out/obstructing_cases/archived_jsons_aggressive_20260101_084154/out/2023/2023-684826_20251226_164149.json",2
"out/obstructing_cases/archived_jsons_aggressive_20260101_084154/out/2023/2023-684826_20251115_122043.json",3
"out/obstructing_cases/archived_jsons_aggressive_20260101_084154/out/2023/2023-681994_20251110_162929.json",1
"out/obstructing_cases/archived_jsons_aggressive_20260101_084154/out/2023/2023-684826_20251226_130409.json",2
"out/obstructing_cases/archived_jsons_aggressive_20260101_084154/out/2023/2023-684826_20251115_121024.json",2
"out/obstructing_cases/archived_jsons_aggressive_20260101_084154/out/2023/2023-684826_20251116_054025.json",3
"out/obstructing_cases/archived_jsons_aggressive_20260101_084154/out/2023/2023-684826_20251117_103402.json",2
"out/obstructing_cases/archived_jsons_aggressive_20260101_084154/out/2023/2023-681994_20251117_133202.json",2
"out/obstructing_cases/archived_jsons_aggressive_20260101_084154/out/2023/2023-682534_20251117_150524.json",3
"out/obstructing_cases/archived_jsons_aggressive_20260101_084154/out/2023/2023-684826_20251117_103001.json",3
"out/obstructing_cases/archived_jsons_aggressive_20260101_084154/out/2023/2023-684826_20251226_130005.json",2
"out/obstructing_cases/archived_jsons_aggressive_20260101_084154/out/2023/2023-682552_20251111_073710.json",2
"out/obstructing_cases/archived_jsons_aggressive_20260101_084154/out/2023/2023-684826_20251226_130126.json",2
"out/obstructing_cases/archived_jsons_aggressive_20260101_084154/out/2023/2023-684826_20251226_130532.json",2
"out/obstructing_cases/archived_jsons_aggressive_20260101_084154/out/2023/2023-684826_20251116_021410.json",3
"out/obstructing_cases/archived_jsons_aggressive_20260101_084154/out/2023/2023-684826_20251128_091158.json",3
"out/obstructing_cases/archived_jsons_aggressive_20260101_084154/out/2023/2023-684826_20251116_053913.json",3
"out/obstructing_cases/archived_jsons_aggressive_20260101_084154/out/2023/2023-684826_20251117_103207.json",3
"out/obstructing_cases/archived_jsons_aggressive_20260101_084154/out/2023/2023-684826_20251116_204241.json",3
"out/obstructing_cases/archived_jsons_aggressive_20260101_084154/out/2023/2023-684826_20251115_121405.json",3
"out/obstructing_cases/archived_jsons_aggressive_20260101_084154/out/2023/2023-684948_20251116_080826.json",3
"out/obstructing_cases/archived_jsons_aggressive_20260101_084154/out/2023/2023-684826_20251226_172438.json",2
"out/obstructing_cases/archived_jsons_aggressive_20260101_084154/out/2023/2023-684826_20251226_172751.json",2
"out/obstructing_cases/archived_jsons_aggressive_20260101_084154/out/2023/2023-684826_20251226_130248.json",2
"out/obstructing_cases/archived_jsons_aggressive_20260101_084154/out/2023/2023-682760_20251111_075049.json",1
"out/obstructing_cases/archived_jsons_aggressive_20260101_084154/out/2023/2023-677931_20251110_172902.json",2
"out/obstructing_cases/archived_jsons_aggressive_20260101_084154/out/2023/2023-684826_20251116_053214.json",3
"out/obstructing_cases/archived_jsons_aggressive_20260101_084154/out/2023/2023-684826_20251219_053849.json",2
"out/obstructing_cases/archived_jsons_aggressive_20260101_084154/out/2024/2024-690218_20251119_092510.json",3
"out/obstructing_cases/archived_jsons_aggressive_20260101_084154/out/2025/2025-704731_20251121_075959.json",3
"out/obstructing_cases/archived_jsons_aggressive_20260101_084154/out/2025/2025-702078_20251120_232201.json",3
"out/obstructing_cases/archived_jsons_aggressive_20260101_084154/out/2025/2025-706007_20251112_104448.json",2
"out/obstructing_cases/archived_jsons_aggressive_20260101_084154/out/2025/2025-701853_20251120_222619.json",2
"out/obstructing_cases/archived_jsons_aggressive_20260101_084154/out/2025/2025-698606_20251120_073535.json",3
"out/obstructing_cases/archived_jsons_aggressive_20260101_084154/out/2025/2025-703487_20251121_033323.json",3
"out/obstructing_cases/archived_jsons_aggressive_20260101_084154/out/2025/2025-702000_20251112_071419.json",1
"out/obstructing_cases/archived_jsons_aggressive_20260101_084154/out/2025/2025-704537_20251121_071533.json",2
"out/obstructing_cases/archived_jsons_aggressive_20260101_084154/out/2025/2025-702078_20251120_232428.json",3
"out/obstructing_cases/archived_jsons_aggressive_20260101_084154/out/2025/2025-705177_20251112_094009.json",1
"out/obstructing_cases/archived_jsons_aggressive_20260101_084154/out/2025/2025-706089_20251115_075926.json",2
"out/obstructing_cases/archived_jsons_aggressive_20260101_084154/out/2025/2025-705193_20251121_094521.json",1
"out/obstructing_cases/archived_jsons_aggressive_20260101_084154/out/2025/2025-704537_20251121_071037.json",2
"out/obstructing_cases/archived_jsons_aggressive_20260101_084154/out/2025/2025-706007_20251115_083055.json",3
"out/obstructing_cases/archived_jsons_aggressive_20260101_084154/out/2025/2025-702560_20251121_004700.json",11
"out/obstructing_cases/out/2023/2023-683014_20251111_081546.json",1
"out/obstructing_cases/out/2023/2023-683733_20251112_170542.json",1
"out/obstructing_cases/out/2023/2023-683736_20251111_091829.json",1
"out/obstructing_cases/out/2023/2023-682033_20251111_065500.json",1
"out/obstructing_cases/out/2023/2023-686081_20251111_124432.json",1
"out/obstructing_cases/out/2023/2023-677931_20251116_134121.json",3
"out/obstructing_cases/out/2023/2023-682552_20251117_151523.json",6
"out/obstructing_cases/out/2023/2023-684948_20251118_172501.json",3
"out/obstructing_cases/out/2023/2023-684826_20251227_041831.json",2
"out/obstructing_cases/out/2023/2023-679332_20251110_193131.json",1
"out/obstructing_cases/out/2023/2023-684826_20260101_124157.json",2
"out/obstructing_cases/out/2023/2023-686697_20251111_134038.json",1
"out/obstructing_cases/out/2023/2023-686341_20251111_130701.json",2
"out/obstructing_cases/out/2023/2023-679169_20251110_191658.json",1
"out/obstructing_cases/out/2023/2023-680865_20251111_051607.json",1
"out/obstructing_cases/out/2023/2023-686901_20251111_135457.json",1
"out/obstructing_cases/out/2023/2023-681746_20251117_125000.json",3
"out/obstructing_cases/out/2023/2023-685364_20251111_114459.json",1
"out/obstructing_cases/out/2023/2023-683967_20251111_094142.json",1
"out/obstructing_cases/out/2024/2024-688110_20251119_030957.json",2
"out/obstructing_cases/out/2024/2024-697206_20251120_030627.json",2
"out/obstructing_cases/out/2024/2024-697098_20251120_024353.json",2
"out/obstructing_cases/out/2024/2024-694941_20251119_211509.json",3
"out/obstructing_cases/out/2024/2024-696122_20251120_003220.json",2
"out/obstructing_cases/out/2024/2024-690636_20251119_104305.json",3
"out/obstructing_cases/out/2024/2024-692515_20251119_151139.json",3
"out/obstructing_cases/out/2024/2024-695743_20251119_233301.json",3
"out/obstructing_cases/out/2024/2024-690027_20251119_084505.json",3
"out/obstructing_cases/out/2024/2024-694689_20251119_203315.json",3
"out/obstructing_cases/out/2024/2024-690548_20251119_102921.json",3
"out/obstructing_cases/out/2025/2025-704053_20251121_052637.json",2
"out/obstructing_cases/out/2025/2025-702150_20251120_234150.json",2
"out/obstructing_cases/out/2025/2025-702104_20251120_232722.json",3
"out/obstructing_cases/out/2025/2025-702039_20251120_231338.json",3
"out/obstructing_cases/out/2025/2025-703487_20251121_033358.json",2
"out/obstructing_cases/out/2025/2025-706089_20251121_130808.json",1
"out/obstructing_cases/out/2025/2025-702253_20251121_000128.json",3
"out/obstructing_cases/out/2025/2025-704731_20251121_080104.json",3
"out/obstructing_cases/out/2025/2025-702934_20251121_020226.json",3
"out/obstructing_cases/out/2025/2025-704537_20251121_071739.json",2
"out/obstructing_cases/out/2025/2025-700444_20251120_142504.json",3
"out/obstructing_cases/out/2025/2025-703059_20251112_075115.json",1
"out/obstructing_cases/out/2025/2025-705278_20251121_100640.json",3
"out/obstructing_cases/out/2025/2025-701853_20251120_223103.json",3
"out/obstructing_cases/out/2025/2025-705193_20251121_094711.json",1
"out/obstructing_cases/out/2025/2025-698606_20251120_073616.json",3
"out/obstructing_cases/out/2025/2025-703867_20251121_045300.json",3
"out/obstructing_cases/out/2025/2025-704257_20251121_060906.json",3
"out/obstructing_cases/out/2025/2025-701484_20251120_204227.json",2
"out/obstructing_cases/out/2025/2025-701878_20251120_223351.json",3
"out/obstructing_cases/out/2025/2025-702560_20251121_004724.json",11
"out/obstructing_cases/out/2025/2025-702078_20251120_232558.json",2
"out/obstructing_cases/out/2025/2025-699667_20251120_113258.json",3
"out/obstructing_cases/out/2025/2025-705177_20251121_094329.json",3
"out/2024/2024-696759_20251120_020300.json",3
"out/2024/2024-688728_20251119_045752.json",3
"out/2024/2024-689332_20251119_070738.json",3
"out/2024/2024-690512_20251119_102334.json",4
"out/2024/2024-688174_20251119_032115.json",3
"out/2024/2024-695764_20251119_233607.json",3
"out/2024/2024-696055_20251120_001829.json",3
"out/2024/2024-689708_20251119_075953.json",3
"out/2024/2024-688110_20251119_030957.json",2
"out/2024/2024-689461_20251119_073021.json",3
"out/2024/2024-690623_20251119_104022.json",2
"out/2024/2024-689286_20251119_065605.json",3
"out/2024/2024-695555_20251119_225127.json",3
"out/2024/2024-697206_20251120_030627.json",2
"out/2024/2024-690179_20251119_091741.json",3
"out/2024/2024-697098_20251120_024353.json",2
"out/2024/2024-690205_20251119_092537.json",2
"out/2024/2024-696121_20251120_003346.json",3
"out/2024/2024-690170_20251119_091520.json",3
"out/2024/2024-688189_20251119_032458.json",3
"out/2024/2024-694764_20251119_204618.json",3
"out/2024/2024-697870_20251120_053031.json",3
"out/2024/2024-696765_20251120_020301.json",3
"out/2024/2024-692379_20251119_144952.json",3
"out/2024/2024-689691_20251119_075410.json",6
"out/2024/2024-692230_20251119_142823.json",3
"out/2024/2024-697163_20251120_030141.json",2
"out/2024/2024-688341_20251119_035212.json",3
"out/2024/2024-688328_20251119_035159.json",3
"out/2024/2024-696659_20251120_014406.json",3
"out/2024/2024-694813_20251119_205351.json",3
"out/2024/2024-689989_20251119_082704.json",3
"out/2024/2024-697402_20251120_034546.json",3
"out/2024/2024-694978_20251119_212114.json",3
"out/2024/2024-695049_20251119_213710.json",2
"out/2024/2024-690038_20251119_084504.json",3
"out/2024/2024-692729_20251119_153919.json",3
"out/2024/2024-690273_20251119_093908.json",2
"out/2024/2024-697205_20251120_030732.json",3
"out/2024/2024-690468_20251119_102004.json",3
"out/2024/2024-690164_20251119_091406.json",3
"out/2024/2024-688175_20251119_032006.json",6
"out/2024/2024-695153_20251119_214848.json",3
"out/2024/2024-694941_20251119_211509.json",3
"out/2024/2024-690100_20251119_085602.json",3
"out/2024/2024-695547_20251119_225314.json",2
"out/2024/2024-694938_20251119_211500.json",6
"out/2024/2024-696350_20251120_005949.json",4
"out/2024/2024-688648_20251119_044209.json",3
"out/2024/2024-697298_20251120_032829.json",3
"out/2024/2024-688671_20251119_044429.json",6
"out/2024/2024-697078_20251120_024123.json",3
"out/2024/2024-692381_20251119_145114.json",3
"out/2024/2024-694599_20251119_201348.json",6
"out/2024/2024-688393_20251119_035854.json",3
"out/2024/2024-692544_20251119_151720.json",3
"out/2024/2024-697758_20251120_050636.json",3
"out/2024/2024-696628_20251120_013955.json",3
"out/2024/2024-695315_20251119_221208.json",3
"out/2024/2024-691262_20251119_120810.json",3
"out/2024/2024-695723_20251119_233007.json",3
"out/2024/2024-691751_20251119_130912.json",2
"out/2024/2024-694763_20251119_204713.json",6
"out/2024/2024-697732_20251120_045732.json",3
"out/2024/2024-690885_20251119_111946.json",4
"out/2024/2024-689109_20251119_062523.json",9
"out/2024/2024-690329_20251119_095122.json",2
"out/2024/2024-697147_20251120_025745.json",3
"out/2024/2024-696099_20251120_003001.json",3
"out/2024/2024-691721_20251119_130439.json",3
"out/2024/2024-690898_20251119_112027.json",3
"out/2024/2024-694982_20251119_212114.json",3
"out/2024/2024-689720_20251119_080652.json",3
"out/2024/2024-692528_20251119_151556.json",6
"out/2024/2024-690976_20251119_113549.json",3
"out/2024/2024-689274_20251119_064924.json",3
"out/2024/2024-696084_20251120_002634.json",3
"out/2024/2024-689445_20251119_073036.json",2
"out/2024/2024-695560_20251119_225234.json",3
"out/2024/2024-695556_20251119_225128.json",6
"out/2024/2024-691253_20251119_120807.json",6
"out/2024/2024-696122_20251120_003220.json",2
"out/2024/2024-690266_20251119_093725.json",3
"out/2024/2024-690957_20251119_113255.json",3
"out/2024/2024-695840_20251119_235053.json",3
"out/2024/2024-688949_20251119_055558.json",3
"out/2024/2024-697667_20251120_044844.json",6
"out/2024/2024-689239_20251119_064310.json",3
"out/2024/2024-697301_20251120_032938.json",2
"out/2024/2024-695185_20251119_215729.json",2
"out/2024/2024-690807_20251119_110625.json",3
"out/2024/2024-690219_20251119_092525.json",2
"out/2024/2024-690437_20251119_100800.json",3
"out/2024/2024-689444_20251119_073034.json",3
"out/2024/2024-692500_20251119_150534.json",2
"out/2024/2024-692341_20251119_144539.json",6
"out/2024/2024-697141_20251120_025817.json",3
"out/2024/2024-697611_20251120_044027.json",3
"out/2024/2024-695786_20251119_233918.json",2
"out/2024/2024-689324_20251119_070047.json",3
"out/2024/2024-690636_20251119_104305.json",3
"out/2024/2024-697146_20251120_025851.json",3
"out/2024/2024-688824_20251119_052255.json",3
"out/2024/2024-690770_20251119_110136.json",3
"out/2024/2024-695766_20251119_233609.json",3
"out/2024/2024-696479_20251120_012457.json",2
"out/2024/2024-689065_20251119_061618.json",6
"out/2024/2024-690795_20251119_110316.json",3
"out/2024/2024-688663_20251119_044559.json",6
"out/2024/2024-696483_20251120_012344.json",3
"out/2024/2024-688647_20251119_044306.json",3
"out/2024/2024-692440_20251119_145941.json",3
"out/2024/2024-688723_20251119_045731.json",6
"out/2024/2024-693949_20251119_182628.json",3
"out/2024/2024-688633_20251119_043811.json",3
"out/2024/2024-692515_20251119_151139.json",3
"out/2024/2024-689092_20251119_061953.json",3
"out/2024/2024-695743_20251119_233301.json",3
"out/2024/2024-689323_20251119_070032.json",3
"out/2024/2024-697458_20251120_040043.json",3
"out/2024/2024-697421_20251120_035003.json",3
"out/2024/2024-694578_20251119_201131.json",2
"out/2024/2024-689998_20251119_083148.json",2
"out/2024/2024-692531_20251119_151702.json",2
"out/2024/2024-688866_20251119_053445.json",4
"out/2024/2024-690306_20251119_094444.json",2
"out/2024/2024-690027_20251119_084505.json",3
"out/2024/2024-694689_20251119_203315.json",3
"out/2024/2024-697679_20251120_044921.json",3
"out/2024/2024-688129_20251119_031058.json",2
"out/2024/2024-696395_20251120_010829.json",4
"out/2024/2024-690619_20251119_104032.json",3
"out/2024/2024-689341_20251119_070722.json",3
"out/2024/2024-695897_20251120_000026.json",3
"out/2024/2024-692484_20251119_150407.json",3
"out/2024/2024-694986_20251119_212525.json",3
"out/2024/2024-695661_20251119_231521.json",6
"out/2024/2024-690864_20251119_111307.json",5
"out/2024/2024-689705_20251119_075939.json",3
"out/2024/2024-690297_20251119_094401.json",3
"out/2024/2024-695383_20251119_222201.json",2
"out/2024/2024-691568_20251119_124430.json",3
"out/2024/2024-688618_20251119_043852.json",3
"out/2024/2024-690583_20251119_103228.json",3
"out/2024/2024-697534_20251120_041646.json",3
"out/2024/2024-696691_20251120_015009.json",3
"out/2024/2024-695758_20251119_233342.json",3
"out/2024/2024-688355_20251119_035257.json",2
"out/2024/2024-697071_20251120_023814.json",2
"out/2024/2024-688834_20251119_052555.json",3
"out/2024/2024-690705_20251119_105302.json",3
"out/2024/2024-690548_20251119_102921.json",3
"out/2024/2024-695567_20251119_225604.json",3
"out/2024/2024-688631_20251119_043824.json",3
"out/2024/2024-687985_20251119_025048.json",2
"out/2024/2024-692309_20251119_144008.json",6
"out/2024/2024-692251_20251119_143311.json",3
"out/2024/2024-688776_20251119_051247.json",2
"out/2024/2024-688677_20251119_044650.json",6
"out/2024/2024-695627_20251119_230814.json",3
"out/2024/2024-690070_20251119_084822.json",3
"out/2024/2024-694425_20251119_194600.json",2
"out/2024/2024-689110_20251119_062746.json",3
"out/2024/2024-696766_20251120_020159.json",3
"out/2024/2024-689980_20251119_082443.json",3
"out/2024/2024-691095_20251119_115135.json",2
"out/2024/2024-695775_20251119_233922.json",3
"out/2024/2024-688314_20251119_034632.json",4
"out/jasmine_jackson_lio_amend_cases.csv",4
"out/jasmine_jackson_prosecutor_hearing_issues.csv",1
"out/all_cuyahoga_eval_charge_mismatch_fuzzy_v2.csv",146
"out/2025/2025-700493_20251120_143659.json",3
"out/2025/2025-702259_20251121_000131.json",2
"out/2025/2025-700635_20251120_151048.json",3
"out/2025/2025-704053_20251121_052637.json",2
"out/2025/2025-702206_20251120_235522.json",3
"out/2025/2025-702150_20251120_234150.json",2
"out/2025/2025-700190_20251120_133419.json",2
"out/2025/2025-699478_20251120_105420.json",6
"out/2025/2025-703257_20251112_075847.json",1
"out/2025/2025-703256_20251112_075846.json",2
"out/2025/2025-704522_20251121_071040.json",3
"out/2025/2025-704932_20251121_084932.json",3
"out/2025/2025-704437_20251121_064954.json",3
"out/2025/2025-698784_20251120_081327.json",3
"out/2025/2025-700669_20251120_152654.json",3
"out/2025/2025-702704_20251121_011716.json",2
"out/2025/2025-702479_20251121_003538.json",2
"out/2025/2025-705201_20251121_094621.json",2
"out/2025/2025-702664_20251121_011138.json",3
"out/2025/2025-702104_20251120_232722.json",3
"out/2025/2025-698724_20251120_080522.json",3
"out/2025/2025-702039_20251120_231338.json",3
"out/2025/2025-703487_20251121_033358.json",2
"out/2025/2025-699523_20251120_110402.json",3
"out/2025/2025-702707_20251121_011911.json",2
"out/2025/2025-700210_20251120_133654.json",3
"out/2025/2025-698910_20251120_085224.json",2
"out/2025/2025-699853_20251120_122355.json",2
"out/2025/2025-699000_20251120_091657.json",2
"out/2025/2025-705752_20251121_115815.json",2
"out/2025/2025-704549_20251121_071741.json",3
"out/2025/2025-701143_20251120_170528.json",3
"out/2025/2025-704210_20251121_060203.json",3
"out/2025/2025-702422_20251121_002043.json",3
"out/2025/2025-704312_20251121_062630.json",3
"out/2025/2025-701638_20251120_212144.json",3
"out/2025/2025-705738_20251121_115332.json",3
"out/2025/2025-699909_20251120_123749.json",2
"out/2025/2025-705692_20251121_114220.json",3
"out/2025/2025-702912_20251121_015645.json",3
"out/2025/2025-701393_20251120_202623.json",3
"out/2025/2025-699741_20251120_115207.json",3
"out/2025/2025-700347_20251120_140106.json",3
"out/2025/2025-702465_20251121_002554.json",3
"out/2025/2025-704021_20251121_052133.json",3
"out/2025/2025-705762_20251121_115630.json",1
"out/2025/2025-703844_20251121_044555.json",9
"out/2025/2025-704174_20251121_055423.json",2
"out/2025/2025-706269_20251121_134640.json",3
"out/2025/2025-702947_20251121_020314.json",4
"out/2025/2025-704625_20251121_074022.json",2
"out/2025/2025-706089_20251121_130808.json",1
"out/2025/2025-702253_20251121_000128.json",3
"out/2025/2025-704731_20251121_080104.json",3
"out/2025/2025-700298_20251120_135019.json",3
"out/2025/2025-705426_20251121_103823.json",2
"out/2025/2025-700758_20251120_154204.json",3
"out/2025/2025-698838_20251120_082909.json",3
"out/2025/2025-702870_20251121_014406.json",3
"out/2025/2025-703260_20251112_075935.json",1
"out/2025/2025-702088_20251120_232726.json",3
"out/2025/2025-701145_20251120_170522.json",3
"out/2025/2025-701922_20251120_224609.json",2
"out/2025/2025-702776_20251112_074120.json",1
"out/2025/2025-702934_20251121_020226.json",3
"out/2025/2025-705221_20251121_095105.json",2
"out/2025/2025-698424_20251120_070406.json",6
"out/2025/2025-699859_20251120_122639.json",3
"out/2025/2025-701627_20251120_211741.json",2
"out/2025/2025-705601_20251121_111742.json",3
"out/2025/2025-702654_20251121_010707.json",3
"out/2025/2025-705204_20251121_095050.json",1
"out/2025/2025-704758_20251121_081029.json",3
"out/2025/2025-705562_20251112_101159.json",2
"out/2025/2025-705677_20251121_113911.json",3
"out/2025/2025-700778_20251120_154409.json",6
"out/2025/2025-704066_20251121_052834.json",3
"out/2025/2025-701744_20251120_215456.json",2
"out/2025/2025-704537_20251121_071739.json",2
"out/2025/2025-700753_20251120_154230.json",3
"out/2025/2025-701782_20251120_220343.json",2
"out/2025/2025-699860_20251120_122837.json",3
"out/2025/2025-698404_20251120_065604.json",3
"out/2025/2025-705100_20251121_093214.json",3
"out/2025/2025-700547_20251120_144710.json",3
"out/2025/2025-700607_20251120_150442.json",3
"out/2025/2025-698768_20251120_081228.json",3
"out/2025/2025-706257_20251121_134220.json",3
"out/2025/2025-704433_20251121_065033.json",3
"out/2025/2025-700909_20251120_161335.json",3
"out/2025/2025-702984_20251121_021411.json",3
"out/2025/2025-706290_20251121_134915.json",2
"out/2025/2025-698802_20251120_081945.json",6
"out/2025/2025-705873_20251121_122949.json",3
"out/2025/2025-701129_20251120_170407.json",2
"out/2025/2025-699828_20251120_121922.json",3
"out/2025/2025-700444_20251120_142504.json",3
"out/2025/2025-698600_20251120_073725.json",3
"out/2025/2025-700927_20251120_161743.json",2
"out/2025/2025-705588_20251121_111752.json",3
"out/2025/2025-698437_20251120_071009.json",3
"out/2025/2025-705657_20251121_113442.json",3
"out/2025/2025-705320_20251112_095619.json",1
"out/2025/2025-701106_20251120_165500.json",2
"out/2025/2025-698660_20251120_074801.json",2
"out/2025/2025-704445_20251121_064850.json",2
"out/2025/2025-700638_20251120_151149.json",3
"out/2025/2025-704988_20251121_090428.json",2
"out/2025/2025-700303_20251120_135644.json",3
"out/2025/2025-699421_20251120_104405.json",2
"out/2025/2025-703144_20251121_022905.json",4
"out/2025/2025-704611_20251121_073942.json",2
"out/2025/2025-698483_20251120_071657.json",3
"out/2025/2025-701464_20251120_203937.json",2
"out/2025/2025-699052_20251120_093100.json",3
"out/2025/2025-702084_20251120_232532.json",3
"out/2025/2025-705730_20251121_114924.json",3
"out/2025/2025-703506_20251121_033944.json",2
"out/2025/2025-705065_20251121_092015.json",3
"out/2025/2025-698562_20251120_072934.json",3
"out/2025/2025-701989_20251120_230758.json",3
"out/2025/2025-702355_20251121_001340.json",2
"out/2025/2025-698474_20251120_071655.json",3
"out/2025/2025-699112_20251120_094000.json",3
"out/2025/2025-704009_20251121_051938.json",3
"out/2025/2025-698729_20251120_080602.json",3
"out/2025/2025-700261_20251120_134730.json",2
"out/2025/2025-702157_20251120_234142.json",2
"out/2025/2025-700426_20251120_142057.json",2
"out/2025/2025-705356_20251121_102548.json",3
"out/2025/2025-698529_20251120_072415.json",3
"out/2025/2025-699394_20251120_103514.json",3
"out/2025/2025-704606_20251121_073453.json",2
"out/2025/2025-704057_20251121_052847.json",3
"out/2025/2025-705643_20251121_113149.json",2
"out/2025/2025-703059_20251112_075115.json",1
"out/2025/2025-700627_20251120_151042.json",3
"out/2025/2025-704370_20251112_084513.json",1
"out/2025/2025-701116_20251120_165607.json",3
"out/2025/2025-699576_20251120_111507.json",3
"out/2025/2025-700699_20251120_153346.json",6
"out/2025/2025-699827_20251120_121849.json",3
"out/2025/2025-701232_20251120_200214.json",2
"out/2025/2025-703497_20251121_033500.json",3
"out/2025/2025-700374_20251120_140918.json",2
"out/2025/2025-703540_20251121_034618.json",2
"out/2025/2025-704963_20251121_085707.json",3
"out/2025/2025-698468_20251120_071457.json",3
"out/2025/2025-698295_20251120_062519.json",2
"out/2025/2025-704678_20251121_074731.json",3
"out/2025/2025-699999_20251120_125944.json",3
"out/2025/2025-699538_20251120_110756.json",3
"out/2025/2025-702291_20251121_000516.json",3
"out/2025/2025-706174_20251121_132942.json",2
"out/2025/2025-705278_20251121_100640.json",3
"out/2025/2025-703046_20251112_075021.json",1
"out/2025/2025-701853_20251120_223103.json",3
"out/2025/2025-704163_20251121_054806.json",3
"out/2025/2025-704980_20251121_090418.json",3
"out/2025/2025-700887_20251120_160830.json",2
"out/2025/2025-705193_20251121_094711.json",1
"out/2025/2025-703068_20251112_075207.json",1
"out/2025/2025-698606_20251120_073616.json",3
"out/2025/2025-704689_20251121_074950.json",2
"out/2025/2025-705984_20251112_104330.json",1
"out/2025/2025-698588_20251120_073640.json",3
"out/2025/2025-703867_20251121_045300.json",3
"out/2025/2025-701984_20251120_230409.json",2
"out/2025/2025-700106_20251120_131347.json",2
"out/2025/2025-701473_20251120_203952.json",3
"out/2025/2025-701447_20251120_203524.json",3
"out/2025/2025-698767_20251120_081243.json",6
"out/2025/2025-698688_20251120_075624.json",3
"out/2025/2025-700151_20251120_132731.json",2
"out/2025/2025-698352_20251120_064642.json",2
"out/2025/2025-701879_20251120_223644.json",2
"out/2025/2025-700889_20251120_160829.json",2
"out/2025/2025-705347_20251121_102342.json",3
"out/2025/2025-706794_20251121_153122.json",1
"out/2025/2025-704257_20251121_060906.json",3
"out/2025/2025-704699_20251121_075234.json",1
"out/2025/2025-699058_20251120_093100.json",3
"out/2025/2025-705676_20251121_113757.json",3
"out/2025/2025-700387_20251120_141445.json",3
"out/2025/2025-704635_20251121_074232.json",3
"out/2025/2025-705333_20251112_095639.json",1
"out/2025/2025-700521_20251120_144247.json",2
"out/2025/2025-703702_20251121_041640.json",3
"out/2025/2025-702681_20251121_011414.json",3
"out/2025/2025-702205_20251112_072240.json",1
"out/2025/2025-700819_20251120_155309.json",3
"out/2025/2025-703527_20251121_034231.json",3
"out/2025/2025-703892_20251121_045652.json",3
"out/2025/2025-706460_20251209_062624.json",2
"out/2025/2025-701484_20251120_204227.json",2
"out/2025/2025-700910_20251120_161335.json",3
"out/2025/2025-704176_20251121_055357.json",3
"out/2025/2025-700893_20251120_160757.json",3
"out/2025/2025-700536_20251120_144707.json",3
"out/2025/2025-700253_20251120_134446.json",3
"out/2025/2025-704034_20251121_052417.json",3
"out/2025/2025-701702_20251120_214423.json",3
"out/2025/2025-700544_20251120_144601.json",2
"out/2025/2025-699048_20251120_093112.json",2
"out/2025/2025-700609_20251120_150108.json",3
"out/2025/2025-702992_20251121_021409.json",3
"out/2025/2025-701673_20251120_213952.json",3
"out/2025/2025-700905_20251120_161117.json",2
"out/2025/2025-698663_20251120_075137.json",6
"out/2025/2025-698673_20251120_075611.json",3
"out/2025/2025-704323_20251121_062630.json",3
"out/2025/2025-698602_20251120_073535.json",3
"out/2025/2025-704309_20251121_062408.json",3
"out/2025/2025-701945_20251120_225130.json",3
"out/2025/2025-701620_20251120_211544.json",3
"out/2025/2025-705938_20251121_124027.json",2
"out/2025/2025-704120_20251121_054020.json",3
"out/2025/2025-701878_20251120_223351.json",3
"out/2025/2025-701687_20251120_213931.json",3
"out/2025/2025-705771_20251121_115851.json",3
"out/2025/2025-701817_20251120_221445.json",3
"out/2025/2025-698278_20251120_062303.json",3
"out/2025/2025-702135_20251120_233609.json",3
"out/2025/2025-702560_20251121_004724.json",11
"out/2025/2025-704011_20251121_051812.json",4
"out/2025/2025-700090_20251120_131314.json",2
"out/2025/2025-702078_20251120_232558.json",2
"out/2025/2025-706959_20251121_161254.json",2
"out/2025/2025-703806_20251121_043851.json",3
"out/2025/2025-700130_20251120_131618.json",6
"out/2025/2025-703245_20251112_075825.json",1
"out/2025/2025-699994_20251120_125641.json",3
"out/2025/2025-698434_20251120_071024.json",3
"out/2025/2025-699667_20251120_113258.json",3
"out/2025/2025-703901_20251121_045755.json",2
"out/2025/2025-706151_20251121_132315.json",3
"out/2025/2025-700892_20251120_160741.json",2
"out/2025/2025-699947_20251120_124343.json",3
"out/2025/2025-699560_20251120_111246.json",3
"out/2025/2025-706212_20251121_133725.json",2
"out/2025/2025-700532_20251120_144559.json",2
"out/2025/2025-705177_20251121_094329.json",3
"out/2025/2025-698566_20251120_072740.json",6
"out/2025/2025-704462_20251121_065533.json",3
"out/2025/2025-704056_20251121_052913.json",3
